i,t,axis_pos,axis_vel,mapper_pos_rel,mapper_pos_abs,working_offset,encoder_estimator_pos,spi_raw,spi_errors,spi_status
0,7.4820127338171005e-06,0.002517104148864746,0.27937912940979004,0.0024842023849487305,0.999478816986084,-0.00299072265625,0.9994520545005798,0.9993743896484375,0,0
1,0.022490764036774635,0.0025224685668945312,0.34937000274658203,0.0025055408477783203,0.9995007514953613,-0.00299072265625,0.9994715452194214,0.9993743896484375,0,0
2,0.04499804601073265,0.0023682117462158203,0.004676699638366699,0.0023670196533203125,0.9993759393692017,-0.00299072265625,0.9993754625320435,0.9993743896484375,0,0
3,0.06771788303740323,0.0021429061889648438,0.5501709580421448,0.0024341344833374023,0.9994993209838867,-0.00299072265625,0.9946399331092834,0.9993743896484375,0,0
4,0.0903725721873343,0.001615762710571289,0.5434058904647827,0.0024338960647583008,0.9994990825653076,-0.00299072265625,0.9995295405387878,0.9993743896484375,0,0
5,0.11323203705251217,0.0025157928466796875,0.2998095154762268,0.0024906396865844727,0.9994852542877197,-0.00299072265625,0.9994576573371887,0.9993743896484375,0,0
6,0.13572609703987837,0.0023651123046875,0.00016951560974121094,0.0023651123046875,0.9993743896484375,-0.00299072265625,0.9993744492530823,0.9993743896484375,0,0
7,0.15823363908566535,0.9946653246879578,-1.9715369939804077,0.9993681907653809,0.9975881576538086,-0.00299072265625,0.998859167098999,0.9993743896484375,0,0
8,0.1808561801444739,0.0023692846298217773,0.006115317344665527,0.0023679733276367188,0.9993767738342285,-0.00299072265625,0.9993759393692017,0.9993743896484375,0,0
9,0.2033440361265093,0.0023651123046875,0.00014740228652954102,0.0023651123046875,0.9993743896484375,-0.00299072265625,0.9993744492530823,0.9993743896484375,0,0
10,0.22623337199911475,0.0026514530181884766,0.48652148246765137,0.0025779008865356445,0.999558687210083,-0.00299072265625,0.9994372725486755,0.9993743896484375,0,0
11,0.24992126016877592,0.0023651123046875,0.00016248226165771484,0.0023651123046875,0.9993743896484375,-0.00299072265625,0.9993744492530823,0.9993743896484375,0,0
12,0.2723248212132603,0.0023651123046875,0.00015532970428466797,0.0023651123046875,0.9993743896484375,-0.00299072265625,0.9993744492530823,0.9993743896484375,0,0
13,0.2948534730821848,0.002520322799682617,0.24396055936813354,0.002460479736328125,0.9994547367095947,-0.00299072265625,0.9994263052940369,0.9993743896484375,0,0
14,0.31760769919492304,0.9993426203727722,0.04282458499073982,0.001615762710571289,0.9990167617797852,-0.00299072265625,0.999397873878479,0.9993743896484375,0,0
15,0.3402235540561378,0.002388596534729004,0.03438287973403931,0.002381563186645508,0.9993879795074463,-0.00299072265625,0.9993839263916016,0.9993743896484375,0,0
16,0.3628775211982429,0.002541184425354004,0.28429847955703735,0.00249481201171875,0.9994847774505615,-0.00299072265625,0.9994532465934753,0.9993743896484375,0,0
17,0.3853680440224707,0.0020427703857421875,1.0861300230026245,0.002597808837890625,0.9996680021286011,-0.00299072265625,0.9996705651283264,0.9993743896484375,0,0
18,0.40811430709436536,0.002517223358154297,0.374592125415802,0.002511739730834961,0.9995079040527344,-0.00299072265625,0.9994786381721497,0.9993743896484375,0,0
19,0.43074644007720053,0.0023651123046875,0.0001487135887145996,0.0023651123046875,0.9993743896484375,-0.00299072265625,0.9993744492530823,0.9993743896484375,0,0
20,0.45322709321044385,0.0023651123046875,0.00017130374908447266,0.0023651123046875,0.9993743896484375,-0.00299072265625,0.9993744492530823,0.9993743896484375,0,0
21,0.4759736889973283,0.0023651123046875,0.0001417994499206543,0.0023651123046875,0.9993743896484375,-0.00299072265625,0.9993744492530823,0.9993743896484375,0,0
22,0.499218060169369,0.0024121999740600586,0.07081079483032227,0.002393007278442383,0.999397873878479,-0.00299072265625,0.9993907809257507,0.9993743896484375,0,0
23,0.5221450261306018,0.0023651123046875,0.0001494884490966797,0.0023651123046875,0.9993743896484375,-0.00299072265625,0.9993744492530823,0.9993743896484375,0,0
24,0.5449601770378649,0.0023651123046875,0.00014215707778930664,0.0023651123046875,0.9993743896484375,-0.00299072265625,0.9993744492530823,0.9993743896484375,0,0
25,0.5677244951948524,0.0023651123046875,0.00016456842422485352,0.0023651123046875,0.9993743896484375,-0.00299072265625,0.9993744492530823,0.9993743896484375,0,0
26,0.5903410920873284,0.0026290416717529297,0.7046394348144531,0.002630949020385742,0.9996209144592285,-0.00299072265625,0.9995707273483276,0.9993743896484375,0,0
27,0.61279615201056,0.0018351078033447266,0.54373699426651,0.0023887157440185547,0.9946094155311584,-0.00299072265625,0.9977220296859741,0.9993743896484375,0,0
28,0.6354647669941187,0.9986323714256287,-0.012218203395605087,0.0014209747314453125,0.9989128112792969,-0.00299072265625,0.9993851780891418,0.9993743896484375,0,0
29,0.6581404551398009,0.002468109130859375,0.4749903678894043,0.0025200843811035156,0.9995250701904297,-0.00299072265625,0.9994999170303345,0.9993743896484375,0,0
30,0.680732682114467,0.0024133920669555664,0.0718766450881958,0.0023992061614990234,0.9994028806686401,-0.00299072265625,0.9993942975997925,0.9993743896484375,0,0
31,0.7033597780391574,0.002489805221557617,0.4482879638671875,0.00251007080078125,0.9994921684265137,-0.00299072265625,0.9994638562202454,0.9993743896484375,0,0
32,0.7263682251796126,0.0023651123046875,0.00015789270401000977,0.0023651123046875,0.9993743896484375,-0.00299072265625,0.9993744492530823,0.9993743896484375,0,0
33,0.7491329130716622,0.0023651123046875,0.00014322996139526367,0.0023651123046875,0.9993743896484375,-0.00299072265625,0.9993744492530823,0.9993743896484375,0,0
34,0.7716873991303146,0.0024559497833251953,0.14488577842712402,0.002431631088256836,0.999430775642395,-0.00299072265625,0.9994111657142639,0.9993743896484375,0,0
35,0.7944981059990823,0.0023789405822753906,0.018524110317230225,0.002373933792114258,0.9993817806243896,-0.00299072265625,0.9993794560432434,0.9993743896484375,0,0
36,0.8171526649966836,0.002466917037963867,0.4734346866607666,0.002520442008972168,0.9995244741439819,-0.00299072265625,0.9994995594024658,0.9993743896484375,0,0
37,0.8397366690915078,0.0023984909057617188,0.04942965507507324,0.9985275268554688,0.9975817203521729,-0.00299072265625,0.9990262985229492,0.9993743896484375,0,0
38,0.8626014681067318,0.0018935203552246094,0.6036409735679626,0.0024747848510742188,0.9995357990264893,-0.00299072265625,0.999559760093689,0.9993896484375,0,0
39,0.885471248999238,0.002365708351135254,0.0007699131965637207,0.002365589141845703,0.9993746280670166,-0.00299072265625,0.9993746280670166,0.9993743896484375,0,0
40,0.908133938210085,0.002384781837463379,0.026176512241363525,0.0023775100708007812,0.9993839263916016,-0.00299072265625,0.9993804097175598,0.9993743896484375,0,0
41,0.930989237036556,0.0023671388626098633,0.0029900074005126953,0.0023665428161621094,0.999375581741333,-0.00299072265625,0.9993751645088196,0.9993743896484375,0,0
42,0.9533522790297866,0.002515077590942383,0.29886025190353394,0.0024901628494262695,0.9994848966598511,-0.00299072265625,0.9994574189186096,0.9993743896484375,0,0
43,0.976029209094122,0.002365589141845703,0.0007252097129821777,0.002365589141845703,0.9993746280670166,-0.00299072265625,0.9993746280670166,0.9993743896484375,0,0
44,0.9987363230902702,0.0023651123046875,0.00015169382095336914,0.0023651123046875,0.9993743896484375,-0.00299072265625,0.9993744492530823,0.9993743896484375,0,0
45,1.0212778830900788,0.00237429141998291,0.011066555976867676,0.0023703575134277344,0.9993788003921509,-0.00299072265625,0.9993773698806763,0.9993743896484375,0,0
46,1.0439940721262246,0.002454519271850586,0.14313572645187378,0.997535765171051,0.9964030385017395,-0.00299072265625,0.998384952545166,0.9993743896484375,0,0
47,1.0666230199858546,0.002526521682739258,0.26645737886428833,0.002482891082763672,0.9994759559631348,-0.00299072265625,0.9994483590126038,0.9993743896484375,0,0
48,1.0891348391305655,0.0023789405822753906,0.01835322380065918,0.002373933792114258,0.9993816614151001,-0.00299072265625,0.9993794560432434,0.9993743896484375,0,0
49,1.1117343800142407,0.0023651123046875,0.00016647577285766602,0.0023651123046875,0.9993743896484375,-0.00299072265625,0.9993744492530823,0.9993743896484375,0,0
50,1.1345000499859452,0.0005574226379394531,0.21381935477256775,0.001834869384765625,0.9991519451141357,-0.00299072265625,0.9994431734085083,0.9993743896484375,0,0
51,1.1570054991170764,0.0023670196533203125,0.0026997923851013184,0.0023664236068725586,0.9916391372680664,-0.00299072265625,0.99635249376297,0.9993743896484375,0,0
52,1.1794754101429135,0.0023664236068725586,0.0017017126083374023,0.0023658275604248047,0.9993751049041748,-0.00299072265625,0.9993748664855957,0.9993743896484375,0,0
53,1.2021550990175456,0.002365708351135254,0.0008600354194641113,0.002365589141845703,0.9993747472763062,-0.00299072265625,0.9993746280670166,0.9993743896484375,0,0
54,1.2251391201280057,0.0023651123046875,0.00015968084335327148,0.0023651123046875,0.9916382431983948,-0.00299072265625,0.9963518977165222,0.9993743896484375,0,0
55,1.2475472181104124,0.0023653507232666016,0.00018960237503051758,0.0023651123046875,0.9993743896484375,-0.00299072265625,0.9993744492530823,0.9993743896484375,0,0
56,1.2701306100934744,0.002408266067504883,0.05919086933135986,0.002390742301940918,0.9993958473205566,-0.00299072265625,0.9993893504142761,0.9993743896484375,0,0
57,1.2927619661204517,0.991677463054657,-2.101492166519165,0.9983680248260498,0.9976832866668701,-0.00299072265625,0.9952108860015869,0.9993743896484375,0,0
58,1.3153816550038755,0.9954510927200317,-0.35523244738578796,0.0005199909210205078,0.9984172582626343,-0.00299072265625,0.9993012547492981,0.9993743896484375,0,0
59,1.3381504551507533,0.0023276805877685547,0.5342628359794617,0.002489805221557617,0.9995284080505371,-0.00299072265625,0.9995192885398865,0.9993743896484375,0,0
60,1.3606106631923467,0.002411484718322754,0.06282699108123779,0.0023949146270751953,0.9993993043899536,-0.00299072265625,0.9993917942047119,0.9993743896484375,0,0
61,1.3834017030894756,0.0023651123046875,0.0001601576805114746,0.996200442314148,0.9955171942710876,-0.00299072265625,0.9980012774467468,0.9993743896484375,0,0
62,1.4058352999854833,0.0024614334106445312,0.15592968463897705,0.0024306774139404297,0.9994300603866577,-0.00299072265625,0.9994140267372131,0.9993743896484375,0,0
63,1.428347934037447,0.0023665428161621094,0.0018666386604309082,0.0023660659790039062,0.9993751049041748,-0.00299072265625,0.9916386604309082,0.9993743896484375,0,0
64,1.4509893271606416,0.0023769140243530273,0.017162561416625977,0.002373337745666504,0.9993813037872314,-0.00299072265625,0.9993791580200195,0.9993743896484375,0,0
65,1.473400091053918,0.0001347064971923828,0.399675190448761,0.0019185543060302734,0.9992234706878662,-0.00299072265625,0.9995425939559937,0.9993743896484375,0,0
66,1.4962801311630756,0.0023651123046875,0.00016742944717407227,0.0023651123046875,0.9993743896484375,-0.00299072265625,0.9993744492530823,0.9993743896484375,0,0
67,1.5187368020415306,0.002516508102416992,0.27865535020828247,0.0024837255477905273,0.9994783401489258,-0.00299072265625,0.9994459748268127,0.9993743896484375,0,0
68,1.5414787500631064,0.001834869384765625,0.543397068977356,0.002388596534729004,0.9994760751724243,-0.00299072265625,0.9995284676551819,0.9993743896484375,0,0
69,1.5641402911860496,0.0006031990051269531,0.28188174962997437,0.00203704833984375,0.9992812871932983,-0.00299072265625,0.9994933009147644,0.9684295654296875,0,0
70,1.5867351091001183,0.0024014711380004883,0.0494234561920166,0.002388596534729004,0.9993940591812134,-0.00299072265625,0.9993880391120911,0.9993743896484375,0,0
71,1.6093688909895718,0.0023653507232666016,0.00030928850173950195,0.0023653507232666016,0.9993746280670166,-0.00299072265625,0.9993744492530823,0.9993743896484375,0,0
72,1.6320024500600994,0.002368927001953125,0.0046530961990356445,0.002367258071899414,0.9993762969970703,-0.00299072265625,0.9993757009506226,0.9993743896484375,0,0
73,1.6546150841750205,0.0023756027221679688,0.012752056121826172,0.00237119197845459,0.9993793964385986,-0.00299072265625,0.9993779063224792,0.9993743896484375,0,0
74,1.6772581990808249,0.9985081553459167,-0.1858946830034256,0.0013394355773925781,0.9988442659378052,-0.00299072265625,0.9993370175361633,0.9993743896484375,0,0
75,1.699867295101285,0.9946291446685791,-2.0253829956054688,0.9993427395820618,0.9975669384002686,-0.00299072265625,0.9988442063331604,0.9993743896484375,0,0
76,1.722628687042743,0.0023651123046875,0.00015425682067871094,0.0023651123046875,0.9993743896484375,-0.00299072265625,0.9993744492530823,0.9993743896484375,0,0
77,1.7452531910967082,0.0023696422576904297,-2.0195119380950928,0.9993455410003662,0.9975693225860596,-0.00299072265625,0.9988459348678589,0.9993743896484375,0,0
78,1.7678586770780385,0.0023921728134155273,0.03623700141906738,0.0023822784423828125,0.9993888139724731,-0.00299072265625,0.9955272078514099,0.9993743896484375,0,0
79,1.7903615511022508,0.002511262893676758,0.2576535940170288,0.0024764537811279297,0.9994714260101318,-0.00299072265625,0.9994459748268127,0.9993743896484375,0,0
80,1.8130005369894207,0.002388596534729004,0.03140902519226074,0.002378702163696289,0.9993858337402344,-0.00299072265625,0.9993823766708374,0.9993743896484375,0,0
81,1.8356125771533698,0.0023685693740844727,0.005079030990600586,0.002367258071899414,0.9993762969970703,-0.00299072265625,0.9993757009506226,0.9993743896484375,0,0
82,1.8585625251289457,0.0023849010467529297,0.005951106548309326,0.0023832321166992188,0.999392032623291,-0.00299072265625,0.9993913769721985,0.9993896484375,0,0
83,1.8811574361752719,0.0025250911712646484,0.4027392864227295,0.0025331974029541016,0.9995310306549072,-0.00299072265625,0.9995018243789673,0.9993896484375,0,0
84,1.9038080321624875,0.0023818016052246094,0.0020918846130371094,0.0023813247680664062,0.9993903636932373,-0.00299072265625,0.999390184879303,0.9993896484375,0,0
85,1.926617591176182,0.0010073184967041016,0.3386795222759247,0.0020227432250976562,0.9992718696594238,-0.00299072265625,0.999491274356842,0.9993896484375,0,0
86,1.9491587060038,0.002482175827026367,0.4483146667480469,0.002535581588745117,0.9995396137237549,-0.00299072265625,0.9995146989822388,0.9993896484375,0,0
87,1.971744969021529,0.0023115873336791992,0.8717985153198242,0.002581357955932617,0.9996322393417358,-0.00299072265625,0.9996306300163269,0.9993743896484375,0,0
88,1.9942450660746545,0.0023723840713500977,0.01047426462173462,0.0023696422576904297,0.9993782043457031,-0.00299072265625,0.9993770718574524,0.9993743896484375,0,0
89,2.01687266305089,0.0005662441253662109,0.22639238834381104,0.002013087272644043,0.9992612600326538,-0.00299072265625,0.9994792342185974,0.9993743896484375,0,0
90,2.0394823520909995,0.0023651123046875,0.00016319751739501953,0.0023651123046875,0.9993743896484375,-0.00299072265625,0.9993744492530823,0.9993743896484375,0,0
91,2.062012930167839,0.0026450157165527344,0.7944399118423462,0.0026592016220092773,0.9996495246887207,-0.00299072265625,0.9995957612991333,0.9993743896484375,0,0
92,2.084520212141797,0.996200442314148,-0.8788560032844543,0.0005574226379394531,0.998348593711853,-0.00299072265625,0.9992566108703613,0.9993743896484375,0,0
93,2.1071661422029138,0.002390742301940918,0.03439205884933472,0.002381563186645508,0.9993879795074463,-0.00299072265625,0.9993839263916016,0.9993743896484375,0,0
94,2.1299543119966984,0.002247333526611328,0.545710563659668,0.0024667978286743164,0.9995144605636597,-0.00299072265625,0.9995279312133789,0.9993743896484375,0,0
95,2.1523715020157397,0.002431035041809082,0.09851914644241333,0.9946755170822144,0.9945235848426819,-0.00299072265625,0.9975940585136414,0.9993743896484375,0,0
96,2.17475039511919,0.0014612674713134766,0.620469868183136,0.0023293495178222656,0.9994672536849976,-0.00299072265625,0.9995697140693665,0.9993743896484375,0,0
97,2.19762099115178,0.0025211572647094727,0.21171629428863525,0.0024628639221191406,0.9994571208953857,-0.00299072265625,0.999433159828186,0.9993743896484375,0,0
98,2.2202553472016007,0.002367258071899414,0.0031523704528808594,0.0023665428161621094,0.999375581741333,-0.00299072265625,0.9993751645088196,0.9993743896484375,0,0
99,2.2429038321133703,0.0024389028549194336,0.10069537162780762,0.0024127960205078125,0.999414324760437,-0.00299072265625,0.9994022846221924,0.9993743896484375,0,0
100,2.2655373541638255,0.0023653507232666016,0.00033587217330932617,0.0023653507232666016,0.9993746280670166,-0.00299072265625,0.9993744492530823,0.9993743896484375,0,0
101,2.2880112470593303,0.0023651123046875,0.00016492605209350586,0.0023651123046875,0.9993743896484375,-0.00299072265625,0.9993744492530823,0.9993743896484375,0,0
102,2.3106174741405994,0.0023651123046875,0.00016492605209350586,0.0023651123046875,0.9993743896484375,-0.00299072265625,0.9993744492530823,0.9993743896484375,0,0
103,2.333242070162669,0.9993938207626343,0.11357037723064423,0.0016491413116455078,0.9990447759628296,-0.00299072265625,0.9955602288246155,0.9993743896484375,0,0
104,2.355742334155366,0.001760721206665039,0.7633805274963379,0.0023651123046875,0.99950110912323,-0.00299072265625,0.9995913505554199,0.9993743896484375,0,0
105,2.378400652203709,0.0023685693740844727,0.004650712013244629,0.002367258071899414,0.9993762969970703,-0.00299072265625,0.9993757009506226,0.9993743896484375,0,0
106,2.401117378147319,0.0023651123046875,0.0001431107521057129,0.0023651123046875,0.9993743896484375,-0.00299072265625,0.9993744492530823,0.9993743896484375,0,0
107,2.426563167013228,0.002442002296447754,0.10097932815551758,0.0024121999740600586,0.9994139671325684,-0.00299072265625,0.9994023442268372,0.9993743896484375,0,0
108,2.4492470961995423,0.0023651123046875,0.00016552209854125977,0.0023651123046875,0.9993743896484375,-0.00299072265625,0.9993744492530823,0.9993743896484375,0,0
109,2.4725396900903434,0.0023651123046875,0.00016552209854125977,0.0023651123046875,0.9993743896484375,-0.00299072265625,0.9993744492530823,0.9993743896484375,0,0
110,2.4952122871764004,0.002454519271850586,0.14314252138137817,0.0024306774139404297,0.9994300603866577,-0.00299072265625,0.9994107484817505,0.9993743896484375,0,0
111,2.5180189381353557,0.0023651123046875,0.00015091896057128906,0.0023651123046875,0.9993743896484375,-0.00299072265625,0.9993744492530823,0.9993743896484375,0,0
112,2.5407661451026797,0.0024014711380004883,0.054093241691589355,0.002390742301940918,0.9993958473205566,-0.00299072265625,0.9993880391120911,0.9993743896484375,0,0
113,2.5632513710297644,0.0024014711380004883,0.05408585071563721,0.002388596534729004,0.9993940591812134,-0.00299072265625,0.9993880391120911,0.9993743896484375,0,0
114,2.5858356351964176,0.0025604963302612305,0.3190286159515381,0.00251007080078125,0.9994978904724121,-0.00299072265625,0.9994628429412842,0.9993743896484375,0,0
115,2.6082448621746153,0.0025538206100463867,0.2688714861869812,0.002490401268005371,0.9994800090789795,-0.00299072265625,0.999448835849762,0.9993743896484375,0,0
116,2.630875403061509,0.0023664236068725586,0.0017012953758239746,0.0023658275604248047,0.9993751049041748,-0.00299072265625,0.9993748664855957,0.9993743896484375,0,0
117,2.6535008139908314,0.0023658275604248047,0.0009412169456481934,0.002365589141845703,0.9993748664855957,-0.00299072265625,0.9993746280670166,0.9993743896484375,0,0
118,2.6761508730705827,0.0023651123046875,0.0001589059829711914,0.0023651123046875,0.9993743896484375,-0.00299072265625,0.9993744492530823,0.9993743896484375,0,0
119,2.6986246739979833,0.0024164915084838867,0.07099241018295288,0.0023986101150512695,0.9994025230407715,-0.00299072265625,0.9993940591812134,0.9993743896484375,0,0
120,2.721176345134154,0.002518177032470703,0.21779149770736694,0.0024666786193847656,0.999459981918335,-0.00299072265625,0.999434769153595,0.9993743896484375,0,0
121,2.7438814220950007,0.001834869384765625,0.5433820486068726,0.002388596534729004,0.9994760751724243,-0.00299072265625,0.9995284676551819,0.9993743896484375,0,0
122,2.7664907411672175,0.002442598342895508,-2.719569683074951,0.9985639452934265,0.9970724582672119,-0.00299072265625,0.9986586570739746,0.9993743896484375,0,0
123,2.788934634067118,0.0024971961975097656,0.23634427785873413,0.0024614334106445312,0.9994573593139648,-0.00299072265625,0.9994348883628845,0.9993743896484375,0,0
124,2.8114991202019155,0.0023651123046875,0.00015342235565185547,0.0023651123046875,0.9993743896484375,-0.00299072265625,0.9993744492530823,0.9993743896484375,0,0
125,2.834190661087632,0.0023653507232666016,0.0003622770309448242,0.0023653507232666016,0.9993746280670166,-0.00299072265625,0.9993744492530823,0.9993743896484375,0,0
126,2.856630349997431,0.0023758411407470703,0.012879490852355957,0.0023713111877441406,0.9993796348571777,-0.00299072265625,0.999377965927124,0.9993743896484375,0,0
127,2.8795314461458474,0.9993517994880676,0.05488577112555504,0.0016216039657592773,0.9990215301513672,-0.00299072265625,0.9994011521339417,0.9993743896484375,0,0
128,2.902001172071323,0.0023653507232666016,0.00021350383758544922,0.0023652315139770508,0.9993743896484375,-0.00299072265625,0.9993744492530823,0.9993743896484375,0,0
129,2.9245957690291107,0.0023651123046875,0.00016885995864868164,0.0023651123046875,0.9993743896484375,-0.00299072265625,0.9993744492530823,0.9993743896484375,0,0
130,2.9472533280495554,0.0023651123046875,0.00016885995864868164,0.0023651123046875,0.9993743896484375,-0.00299072265625,0.9993744492530823,0.9993743896484375,0,0
131,2.9698350171092898,0.0023832321166992188,0.026335060596466064,0.9946414828300476,0.9944950938224792,-0.00299072265625,0.9980078935623169,0.9993743896484375,0,0
132,2.9923950592055917,0.002373814582824707,0.01274484395980835,0.00237119197845459,0.9993793964385986,-0.00299072265625,0.9993778467178345,0.9993743896484375,0,0
133,3.0147606190294027,0.0023651123046875,0.00015360116958618164,0.0023651123046875,0.9993743896484375,-0.00299072265625,0.9993744492530823,0.9993743896484375,0,0
134,3.038521729176864,0.9975483417510986,-0.1601230800151825,0.0007653236389160156,0.9985690116882324,-0.00299072265625,0.9993529319763184,0.9993743896484375,0,0
135,3.0610175491310656,0.0025055408477783203,0.5303665399551392,0.0025451183319091797,0.9995450973510742,-0.00299072265625,0.9995139241218567,0.9993743896484375,0,0
136,3.08350509009324,0.0023651123046875,0.00014597177505493164,0.0023651123046875,0.9993743896484375,-0.00299072265625,0.9993744492530823,0.9993743896484375,0,0
137,3.1061890381388366,0.0023696422576904297,0.006687760353088379,0.0023679733276367188,0.9993767738342285,-0.00299072265625,0.999376118183136,0.9993743896484375,0,0
138,3.1287524132058024,0.0024361610412597656,0.11026597023010254,0.0024121999740600586,0.9994139671325684,-0.00299072265625,0.9994023442268372,0.9993743896484375,0,0
139,3.1513066571205854,0.0016160011291503906,0.486796110868454,0.002247333526611328,0.9993979930877686,-0.00299072265625,0.9995145201683044,0.9993743896484375,0,0
140,3.173762292135507,0.0023651123046875,0.00015366077423095703,0.0023651123046875,0.9993743896484375,-0.00299072265625,0.9993744492530823,0.9993743896484375,0,0
141,3.196276406990364,0.0023665428161621094,0.002083718776702881,0.0023660659790039062,0.9993751049041748,-0.00299072265625,0.9993749856948853,0.9684295654296875,0,0
142,3.218646986177191,0.002515077590942383,0.3716847896575928,0.0025103092193603516,0.9995067119598389,-0.00299072265625,0.9994778037071228,0.9993743896484375,0,0
143,3.2414197670295835,0.0023651123046875,0.00015366077423095703,0.0023651123046875,0.9993743896484375,-0.00299072265625,0.9993744492530823,0.9993743896484375,0,0
144,3.2637987721245736,0.002251148223876953,0.539263129234314,0.002492189407348633,0.999525785446167,-0.00299072265625,0.9995257258415222,0.9993743896484375,0,0
145,3.286408293992281,0.99622642993927,-1.3446091413497925,3.409385681152344e-05,0.998016357421875,-0.00299072265625,0.9990273118019104,0.9993743896484375,0,0
146,3.3088793731294572,0.0023651123046875,0.0001462697982788086,0.0023651123046875,0.9993743896484375,-0.00299072265625,0.993209719657898,0.9993743896484375,0,0
147,3.3315110991243273,0.001834869384765625,0.5434056520462036,0.002388596534729004,0.9994760751724243,-0.00299072265625,0.9995284676551819,0.9993743896484375,0,0
148,3.3541933251544833,0.0023651123046875,0.00015401840209960938,0.0023651123046875,0.9993743896484375,-0.00299072265625,0.9993744492530823,0.9993743896484375,0,0
149,3.3768409402109683,0.0023691654205322266,0.0054590702056884766,0.002367734909057617,0.9993765354156494,-0.00299072265625,0.9993756413459778,0.9993743896484375,0,0
150,3.399760812986642,0.002491593360900879,0.21987217664718628,0.002455472946166992,0.9994521141052246,-0.00299072265625,0.9994306564331055,0.9993743896484375,0,0
151,3.4222669841255993,0.0023654699325561523,0.0004897117614746094,0.0023653507232666016,0.9993746280670166,-0.00299072265625,0.9993746280670166,0.9993743896484375,0,0
152,3.4447732290718704,0.0023651123046875,0.0001544356346130371,0.0023651123046875,0.9993743896484375,-0.00299072265625,0.9993744492530823,0.9993743896484375,0,0
153,3.4675094541162252,0.0023651123046875,0.0001544356346130371,0.0023651123046875,0.9916382431983948,-0.00299072265625,0.9963518977165222,0.9993743896484375,0,0
154,3.4899519961327314,0.0023653507232666016,0.0003110170364379883,0.0023653507232666016,0.9993746280670166,-0.00299072265625,0.9993744492530823,0.9993743896484375,0,0
155,3.512519722105935,0.0023674964904785156,0.0032317042350769043,0.00236666202545166,0.9993757009506226,-0.00299072265625,0.9993752837181091,0.9993743896484375,0,0
156,3.5350168379954994,0.0023651123046875,0.00014716386795043945,0.0023651123046875,0.9993743896484375,-0.00299072265625,0.9993744492530823,0.9993743896484375,0,0
157,3.5577745081391186,0.0024306774139404297,0.0924450159072876,0.002408266067504883,0.9994077682495117,-0.00299072265625,0.999397873878479,0.9993743896484375,0,0
158,3.5809402321465313,0.9974867701530457,-0.4723012447357178,0.001621842384338379,0.9990217685699463,-0.00299072265625,0.9995017647743225,0.9993743896484375,0,0
159,3.604342899052426,0.0023651123046875,0.00016993284225463867,0.0023651123046875,0.9993743896484375,-0.00299072265625,0.9993744492530823,0.9993743896484375,0,0
160,3.6276794190052897,0.0023651123046875,0.00016993284225463867,0.0023651123046875,0.9944846630096436,-0.00299072265625,0.9980012774467468,0.9993743896484375,0,0
161,3.65099251200445,0.002393007278442383,0.03767681121826172,0.002382993698120117,0.9993894100189209,-0.00299072265625,0.9993839263916016,0.9993743896484375,0,0
162,3.6739291260018945,0.002367734909057617,0.0034484267234802246,0.002366781234741211,0.999375581741333,-0.00299072265625,0.99937504529953,0.9993743896484375,0,0
163,3.6975715700536966,0.0024361610412597656,0.10099941492080688,0.002408266067504883,0.9994107484817505,-0.00299072265625,0.9993940591812134,0.9993743896484375,0,0
164,3.721997271059081,0.002142667770385742,0.545851469039917,0.0024900436401367188,0.9995285272598267,-0.00299072265625,0.9946234226226807,0.9993743896484375,0,0
165,3.7453086050227284,0.002365589141845703,0.0005730390548706055,0.0023653507232666016,0.9993746280670166,-0.00299072265625,0.999374508857727,0.9993743896484375,0,0
166,3.7685781251639128,0.0025589466094970703,0.6739344596862793,0.002608776092529297,0.9995954036712646,-0.00299072265625,0.999539315700531,0.9993743896484375,0,0
167,3.7918864600360394,0.002442002296447754,0.10098528861999512,0.002408266067504883,0.9994107484817505,-0.00299072265625,0.9993959069252014,0.9993743896484375,0,0
168,3.8153063491918147,0.002538442611694336,0.2825334668159485,0.0024815797805786133,0.9994666576385498,-0.00299072265625,0.9964128732681274,0.9993743896484375,0,0
169,3.838620091089979,0.0023651123046875,0.00017118453979492188,0.0023651123046875,0.9993743896484375,-0.00299072265625,0.9993744492530823,0.9993743896484375,0,0
170,3.862069777213037,0.002368927001953125,0.005111038684844971,0.002367258071899414,0.9993762969970703,-0.00299072265625,0.999375581741333,0.9993743896484375,0,0
171,3.885327538009733,0.0024210214614868164,0.07098150253295898,0.0023958683013916016,0.9994001388549805,-0.00299072265625,0.9993893504142761,0.9993743896484375,0,0
172,3.9088737051934004,0.0023651123046875,0.00015628337860107422,0.0023651123046875,0.9993743896484375,-0.00299072265625,0.9993744492530823,0.9993743896484375,0,0
173,3.9322369832079858,0.002530813217163086,0.3613155484199524,0.002511262893676758,0.999497652053833,-0.00299072265625,0.9994484782218933,0.9993743896484375,0,0
174,3.955549151170999,0.0023730993270874023,0.010520100593566895,0.002370119094848633,0.9993782043457031,-0.00299072265625,0.9993765950202942,0.9993743896484375,0,0
175,3.978922948008403,0.002523183822631836,0.23891723155975342,0.0024657249450683594,0.9994597434997559,-0.00299072265625,0.9994352459907532,0.9993743896484375,0,0
176,4.002331782132387,0.0023685693740844727,0.004670679569244385,0.0023670196533203125,0.9993758201599121,-0.00299072265625,0.99937504529953,0.9993743896484375,0,0
177,4.026260874001309,0.0023651123046875,0.00014835596084594727,0.0023651123046875,0.9993743896484375,-0.00299072265625,0.993209719657898,0.9993743896484375,0,0
178,4.049412950174883,0.002515077590942383,0.2768630385398865,0.002482891082763672,0.9994707107543945,-0.00299072265625,0.9994400143623352,0.9993743896484375,0,0
179,4.07256060000509,0.0023651123046875,0.00015592575073242188,0.9946289658546448,0.9955171942710876,-0.00299072265625,0.9980012774467468,0.9993743896484375,0,0
180,4.095960341161117,0.002416372299194336,0.06478971242904663,0.0023931264877319336,0.999397873878479,-0.00299072265625,0.9993880391120911,0.9993743896484375,0,0
181,4.119376157177612,0.0023653507232666016,0.0002675652503967285,0.0023652315139770508,0.9993743896484375,-0.00299072265625,0.9993744492530823,0.9993743896484375,0,0
182,4.143110322998837,0.002367734909057617,0.0035459399223327637,0.00236666202545166,0.999375581741333,-0.00299072265625,0.995517909526825,0.9993743896484375,0,0
183,4.166316935094073,0.0023789405822753906,0.018320739269256592,0.0023730993270874023,0.9993804693222046,-0.00299072265625,0.9993782043457031,0.9993743896484375,0,0
184,4.189586548134685,0.0023651123046875,0.00014156103134155273,0.0023651123046875,0.9993743896484375,-0.00299072265625,0.9993744492530823,0.9993743896484375,0,0
185,4.212858771206811,0.0025453567504882812,0.2660675048828125,0.0024688243865966797,0.9994547367095947,-0.00299072265625,0.9994263052940369,0.9993743896484375,0,0
186,4.23623260599561,0.0024480819702148438,0.12036412954330444,0.002420783042907715,0.9994175434112549,-0.00299072265625,0.9994000196456909,0.9993743896484375,0,0
187,4.25933468202129,0.0023746490478515625,-2.013079881668091,2.1338462829589844e-05,0.9980058670043945,-0.00299072265625,0.9992592334747314,0.9993743896484375,0,0
188,4.282608461100608,0.0024175643920898438,0.7526719570159912,0.0026140213012695312,0.999613881111145,-0.00299072265625,0.9995614886283875,0.9993743896484375,0,0
189,4.305920129176229,0.0023651123046875,0.00016349554061889648,0.0023651123046875,0.9993743896484375,-0.00299072265625,0.9970251321792603,0.9993743896484375,0,0
190,4.329435981111601,0.002422332763671875,0.07259058952331543,0.9962345957756042,0.9963780641555786,-0.00299072265625,0.9986419081687927,0.9684295654296875,0,0
191,4.352582631167024,0.0025179386138916016,0.26638805866241455,0.0024656057357788086,0.9994544982910156,-0.00299072265625,0.9994276165962219,0.9993743896484375,0,0
192,4.376060113077983,0.0010476112365722656,0.5043525099754333,0.002280712127685547,0.9994258880615234,-0.00299072265625,0.9995448589324951,0.9993743896484375,0,0
193,4.399588576052338,1.6689300537109375e-05,0.21469612419605255,0.0022476911544799805,0.999443531036377,-0.00299072265625,0.9933639168739319,0.9993743896484375,0,0
194,4.423068928066641,0.0024232864379882812,0.07895404100418091,0.002399444580078125,0.9994006156921387,-0.00299072265625,0.9993896484375,0.9993743896484375,0,0
195,4.446527614025399,0.0023730993270874023,0.010573267936706543,0.002370119094848633,0.9993774890899658,-0.00299072265625,0.9993762373924255,0.9993743896484375,0,0
196,4.470254132058471,0.0024344921112060547,0.09556984901428223,0.0024063587188720703,0.9994089603424072,-0.00299072265625,0.9993965029716492,0.9993743896484375,0,0
197,4.4936066151130944,0.0023660659790039062,0.0011039972305297852,0.002365589141845703,0.9993748664855957,-0.00299072265625,0.9993746280670166,0.9993743896484375,0,0
198,4.5180621850304306,0.002556324005126953,0.5429322719573975,0.0025663375854492188,0.9995462894439697,-0.00299072265625,0.9994873404502869,0.9993743896484375,0,0
199,4.541834611212835,0.0023651123046875,-1.3826179504394531,0.0005574226379394531,0.9986250400543213,-0.00299072265625,0.9992566108703613,0.9993743896484375,0,0
200,4.565279945032671,0.0023651123046875,0.00015783309936523438,0.0023651123046875,0.9993743896484375,-0.00299072265625,0.993209719657898,0.9993743896484375,0,0
201,4.589665812207386,0.002367258071899414,0.002959609031677246,0.0023664236068725586,0.9993754625320435,-0.00299072265625,0.99937504529953,0.9993743896484375,0,0
202,4.61295333201997,0.0023936033248901367,0.038155972957611084,0.00238037109375,0.9993870258331299,-0.00299072265625,0.9993824362754822,0.9993743896484375,0,0
203,4.63624296314083,0.0023658275604248047,0.001015007495880127,0.002365589141845703,0.9993748664855957,-0.00299072265625,0.9993746280670166,0.9993743896484375,0,0
204,4.659681649180129,0.0023865699768066406,0.028671622276306152,0.002378702163696289,0.999384880065918,-0.00299072265625,0.9993810057640076,0.9993743896484375,0,0
205,4.682923243148252,0.0023651123046875,0.00015813112258911133,0.0023651123046875,0.9993743896484375,-0.00299072265625,0.9993744492530823,0.9993743896484375,0,0
206,4.706268021138385,0.0023651123046875,0.0001429915428161621,0.0023651123046875,0.9993743896484375,-0.00299072265625,0.9993744492530823,0.9993743896484375,0,0
207,4.72957076318562,0.0023651123046875,0.00016540288925170898,0.0023651123046875,0.9993743896484375,-0.00299072265625,0.9993744492530823,0.9993743896484375,0,0
208,4.752850616117939,0.0009920597076416016,0.4270690381526947,0.002142667770385742,0.999397873878479,-0.00299072265625,0.9917876124382019,0.9993743896484375,0,0
209,4.775937544181943,0.0023697614669799805,0.005619406700134277,0.0023674964904785156,0.9993762969970703,-0.00299072265625,0.9993754625320435,0.9993743896484375,0,0
210,4.799484378192574,0.002434372901916504,0.4487650990486145,0.002518892288208008,0.9995133876800537,-0.00299072265625,0.9994707703590393,0.9993743896484375,0,0
211,4.822951953159645,0.0023665428161621094,0.0018718838691711426,0.9962012767791748,0.997025728225708,-0.00299072265625,0.9990171194076538,0.9993743896484375,0,0
212,4.846334713045508,0.0023651123046875,0.00015091896057128906,0.0023651123046875,0.9993743896484375,-0.00299072265625,0.9993744492530823,0.9993743896484375,0,0
213,4.869590844027698,0.0023813247680664062,0.0014399886131286621,0.002380967140197754,0.9993901252746582,-0.00299072265625,0.9993900656700134,0.9993896484375,0,0
214,4.892966104205698,0.0024933815002441406,0.16256600618362427,0.0024497509002685547,0.9994432926177979,-0.00299072265625,0.9994274377822876,0.9993896484375,0,0
215,4.916260197991505,0.00238037109375,0.0001284480094909668,0.00238037109375,0.9993896484375,-0.00299072265625,0.9993897080421448,0.9993896484375,0,0
216,4.939501255052164,0.00238037109375,0.0001284480094909668,0.00238037109375,0.9993896484375,-0.00299072265625,0.9993897080421448,0.9993896484375,0,0
217,4.963720215018839,0.0023653507232666016,0.0003148317337036133,0.0023653507232666016,0.9993743896484375,-0.00299072265625,0.9993744492530823,0.9993743896484375,0,0
218,4.987102494109422,0.0023651123046875,0.00015097856521606445,0.0023651123046875,0.9993743896484375,-0.00299072265625,0.9993744492530823,0.9993743896484375,0,0
219,5.010337995132431,0.0024480819702148438,0.12034386396408081,0.002416372299194336,0.9994175434112549,-0.00299072265625,0.9994000196456909,0.9993743896484375,0,0
220,5.033568775048479,0.002365589141845703,0.0006428956985473633,0.0023653507232666016,0.9993746280670166,-0.00299072265625,0.9993746280670166,0.9993743896484375,0,0
221,5.056845906190574,0.0024280548095703125,0.08765053749084473,0.0024029016494750977,0.999406099319458,-0.00299072265625,0.9993929266929626,0.9993743896484375,0,0
222,5.08032927615568,8.7738037109375e-05,0.9664618372917175,0.0022475719451904297,0.9994921684265137,-0.00299072265625,0.9996916651725769,0.9993743896484375,0,0
223,5.103607814991847,0.0023651123046875,0.00016617774963378906,0.0023651123046875,0.9993743896484375,-0.00299072265625,0.9993744492530823,0.9993743896484375,0,0
224,5.1273055740166456,0.0024667978286743164,0.4482889175415039,0.002520322799682617,0.9995193481445312,-0.00299072265625,0.9945951104164124,0.9993743896484375,0,0
225,5.150444427039474,0.0023756027221679688,0.012630581855773926,0.002371072769165039,0.9993789196014404,-0.00299072265625,0.9993773102760315,0.9993743896484375,0,0
226,5.173816354013979,0.0024056434631347656,0.05426478385925293,0.0023910999298095703,0.9993941783905029,-0.00299072265625,0.9993869066238403,0.9993743896484375,0,0
227,5.197188911028206,0.0023651123046875,0.0001437067985534668,0.0023651123046875,0.9993743896484375,-0.00299072265625,0.9993744492530823,0.9993743896484375,0,0
228,5.220331153133884,0.002371072769165039,0.007780492305755615,0.0023685693740844727,0.9993772506713867,-0.00299072265625,0.9993760585784912,0.9993743896484375,0,0
229,5.2435826731380075,0.0024700164794921875,0.13526052236557007,0.0024285316467285156,0.9994232654571533,-0.00299072265625,0.9994086623191833,0.9993743896484375,0,0
230,5.26662536105141,0.9946289658546448,-1.3826160430908203,0.0005574226379394531,0.998348593711853,-0.00299072265625,0.9992566108703613,0.9993743896484375,0,0
231,5.289615825982764,0.0024874210357666016,0.15702402591705322,0.0024328231811523438,0.9994311332702637,-0.00299072265625,0.9994107484817505,0.9993743896484375,0,0
232,5.312867550179362,0.0023653507232666016,0.00016695261001586914,0.0023651123046875,0.9993743896484375,-0.00299072265625,0.9993744492530823,0.9993743896484375,0,0
233,5.335993311135098,0.0024220943450927734,0.07219201326370239,0.0023963451385498047,0.9994006156921387,-0.00299072265625,0.9993896484375,0.9993743896484375,0,0
234,5.359262386104092,0.002521991729736328,0.32528889179229736,0.0024917125701904297,0.999478816986084,-0.00299072265625,0.9994461536407471,0.9993743896484375,0,0
235,5.382583145983517,0.9993428587913513,0.04293471574783325,0.0016160011291503906,0.9991519451141357,-0.00299072265625,0.9994760751724243,0.9993743896484375,0,0
236,5.405670945066959,0.002414703369140625,0.06680643558502197,0.0023941993713378906,0.9993946552276611,-0.00299072265625,0.9993872046470642,0.9993743896484375,0,0
237,5.429194982163608,0.0023651123046875,0.00015336275100708008,0.0023651123046875,0.9993743896484375,-0.00299072265625,0.9993744492530823,0.9993743896484375,0,0
238,5.452333891065791,0.0023651123046875,0.00015336275100708008,0.0023651123046875,0.9993743896484375,-0.00299072265625,0.9993744492530823,0.9993743896484375,0,0
239,5.475722244009376,0.0025262832641601562,0.3061486482620239,0.002493619918823242,0.9994803667068481,-0.00299072265625,0.9994531869888306,0.9993743896484375,0,0
240,5.498873227043077,0.0024971961975097656,0.2179487943649292,0.002454519271850586,0.9994512796401978,-0.00299072265625,0.9994214773178101,0.9993743896484375,0,0
241,5.522473246091977,0.0023653507232666016,0.00033968687057495117,0.0023653507232666016,0.9993746280670166,-0.00299072265625,0.9993744492530823,0.9993743896484375,0,0
242,5.5456149331294,0.9962083101272583,-0.8684724569320679,0.0005624294281005859,0.9924641251564026,-0.00299072265625,0.9980269074440002,0.9993743896484375,0,0
243,5.5691111930646,0.0023651123046875,0.0001684427261352539,0.0023651123046875,0.9993743896484375,-0.00299072265625,0.9993744492530823,0.9993743896484375,0,0
244,5.592366731027141,0.002393007278442383,0.037689805030822754,0.002381563186645508,0.9993879795074463,-0.00299072265625,0.9993823766708374,0.9993743896484375,0,0
245,5.615550436079502,0.0024309158325195312,0.0925934910774231,0.002401590347290039,0.9994051456451416,-0.00299072265625,0.9993939995765686,0.9993743896484375,0,0
246,5.638856382109225,0.00241696834564209,0.07162004709243774,0.0023959875106811523,0.9994003772735596,-0.00299072265625,0.9993895888328552,0.9993743896484375,0,0
247,5.662087939213961,0.0021556615829467773,0.563112735748291,0.002497434616088867,0.9995301961898804,-0.00299072265625,0.9933586120605469,0.9993743896484375,0,0
248,5.685622439021245,0.0009920597076416016,0.4270728528499603,0.002247333526611328,0.999397873878479,-0.00299072265625,0.9995238184928894,0.9993743896484375,0,0
249,5.708967700134963,0.0023730993270874023,0.010533630847930908,0.0023696422576904297,0.9993778467178345,-0.00299072265625,0.9993768334388733,0.9993743896484375,0,0
250,5.732111961115152,0.002402067184448242,0.029219865798950195,0.002393007278442383,0.9994003772735596,-0.00299072265625,0.9993952512741089,0.9993896484375,0,0
251,5.755376258166507,0.00238037109375,0.00011807680130004883,0.00238037109375,0.9993896484375,-0.00299072265625,0.9993758797645569,0.9993743896484375,0,0
252,5.77858355618082,0.9947130680084229,-0.9093374013900757,0.0007280111312866211,0.9907776117324829,-0.00299072265625,0.9976550936698914,0.9993896484375,0,0
253,5.801902705105022,0.0022853612899780273,0.5744155049324036,0.0025110244750976562,0.9995431900024414,-0.00299072265625,0.9995146989822388,0.9993743896484375,0,0
254,5.825386187061667,0.9998980164527893,-3.1201486587524414,0.9982903003692627,0.9970612525939941,-0.00299072265625,0.9992890357971191,0.9993743896484375,0,0
255,5.848587652202696,0.998509407043457,-0.18409784138202667,0.0016167163848876953,0.9990174770355225,-0.00299072265625,0.9994435906410217,0.9993743896484375,0,0
256,5.871849672170356,0.0023651123046875,0.00015497207641601562,0.0023651123046875,0.9993743896484375,-0.00299072265625,0.9993744492530823,0.9993743896484375,0,0
257,5.895200764993206,0.0023653507232666016,0.00025200843811035156,0.0023652315139770508,0.9993743896484375,-0.00299072265625,0.9993744492530823,0.9993743896484375,0,0
258,5.918482230044901,0.0023651123046875,0.00017011165618896484,0.0023651123046875,0.9993743896484375,-0.00299072265625,0.9993744492530823,0.9993743896484375,0,0
259,5.941738527035341,0.0023651123046875,0.00017011165618896484,0.0023651123046875,0.9993743896484375,-0.00299072265625,0.9993744492530823,0.9993743896484375,0,0
260,5.964727937011048,0.0024614334106445312,0.14306515455245972,0.997535765171051,0.9970722198486328,-0.00299072265625,0.9988747239112854,0.9993743896484375,0,0
261,5.987857050029561,0.0023651123046875,0.0001704096794128418,0.0023651123046875,0.9993743896484375,-0.00299072265625,0.9993744492530823,0.9993743896484375,0,0
262,6.011205014074221,0.002441883087158203,0.10500013828277588,0.0024106502532958984,0.9994124174118042,-0.00299072265625,0.9993985891342163,0.9993743896484375,0,0
263,6.034370090113953,0.001621246337890625,0.5310765504837036,0.002391815185546875,0.9995015859603882,-0.00299072265625,0.9995257258415222,0.9993743896484375,0,0
264,6.057644221000373,0.0024971961975097656,0.2179659605026245,0.0024614334106445312,0.9994512796401978,-0.00299072265625,0.9994176030158997,0.9993743896484375,0,0
265,6.0808554261457175,0.0023653507232666016,0.00022232532501220703,0.0023652315139770508,0.9993743896484375,-0.00299072265625,0.9993744492530823,0.9993743896484375,0,0
266,6.104594370117411,0.002450108528137207,0.4743403196334839,0.002535104751586914,0.9995400905609131,-0.00299072265625,0.9995150566101074,0.9993896484375,0,0
267,6.127731761196628,0.0023658275604248047,0.0008341670036315918,0.0023654699325561523,0.9993746280670166,-0.00299072265625,0.9993746280670166,0.9993743896484375,0,0
268,6.151619352167472,0.0023651123046875,0.0001710653305053711,0.0023651123046875,0.9993743896484375,-0.00299072265625,0.9944846630096436,0.9993743896484375,0,0
269,6.174752039136365,0.0023651123046875,0.00014907121658325195,0.0023651123046875,0.9993743896484375,-0.00299072265625,0.9993744492530823,0.9993743896484375,0,0
270,6.198354521067813,0.0024776458740234375,0.1543310284614563,0.0024318695068359375,0.9994302988052368,-0.00299072265625,0.9994100332260132,0.9993743896484375,0,0
271,6.221600337186828,0.0025446414947509766,0.27903831005096436,0.00248873233795166,0.999472975730896,-0.00299072265625,0.9994456768035889,0.9993743896484375,0,0
272,6.2450769119895995,0.002366185188293457,0.0014371871948242188,0.002365708351135254,0.9993748664855957,-0.00299072265625,0.9993746280670166,0.9993743896484375,0,0
273,6.268365746131167,0.002476811408996582,0.17122137546539307,0.0024368762969970703,0.9994354248046875,-0.00299072265625,0.9994111061096191,0.9993743896484375,0,0
274,6.291466174181551,0.0023651123046875,0.00015616416931152344,0.0023651123046875,0.9993743896484375,-0.00299072265625,0.9993744492530823,0.9993743896484375,0,0
275,6.314755342202261,0.0023651123046875,0.0001488327980041504,0.0023651123046875,0.9993743896484375,-0.00299072265625,0.9993744492530823,0.9993743896484375,0,0
276,6.338115732185543,0.002211332321166992,1.0189260244369507,0.0026450157165527344,0.9996733665466309,-0.00299072265625,0.9996237754821777,0.9993743896484375,0,0
277,6.361277271062136,0.0023664236068725586,0.0017058253288269043,0.0023658275604248047,0.9993749856948853,-0.00299072265625,0.9993747472763062,0.9993743896484375,0,0
278,6.384585567982867,0.002551555633544922,0.326312780380249,0.9963417053222656,0.9964661002159119,-0.00299072265625,0.9987021684646606,0.9993743896484375,0,0
279,6.407731255050749,0.00238037109375,0.00014126300811767578,0.00238037109375,0.9993896484375,-0.00299072265625,0.9993897080421448,0.9993896484375,0,0
280,6.430960812140256,0.0023651123046875,0.00017130374908447266,0.0023651123046875,0.9993743896484375,-0.00299072265625,0.9993744492530823,0.9993743896484375,0,0
281,6.454347258200869,0.9948493838310242,-0.9107362031936646,0.0002079010009765625,0.9985100030899048,-0.00299072265625,0.9992737174034119,0.9993743896484375,0,0
282,6.4775046850554645,0.001834869384765625,0.5433861017227173,0.002388596534729004,0.9994990825653076,-0.00299072265625,0.995670735836029,0.9993743896484375,0,0
283,6.500862779095769,0.002526998519897461,0.3876987099647522,0.0025038719177246094,0.999497652053833,-0.00299072265625,0.9994545578956604,0.9993743896484375,0,0
284,6.52423992799595,0.002393007278442383,0.0376705527305603,0.002382993698120117,0.9993879795074463,-0.00299072265625,0.9993816614151001,0.9993743896484375,0,0
285,6.54752380005084,0.0023651123046875,0.0001494884490966797,0.0023651123046875,0.9993743896484375,-0.00299072265625,0.9993744492530823,0.9993743896484375,0,0
286,6.5708885041531175,0.0023654699325561523,0.00044780969619750977,0.0023653507232666016,0.9993746280670166,-0.00299072265625,0.999374508857727,0.9993743896484375,0,0
287,6.594308042200282,0.0023651123046875,0.00016456842422485352,0.0023651123046875,0.9993743896484375,-0.00299072265625,0.9993744492530823,0.9993743896484375,0,0
288,6.617373526096344,0.002367377281188965,0.00250399112701416,0.002366185188293457,0.9993753433227539,-0.00299072265625,0.9993749260902405,0.9993743896484375,0,0
289,6.640866804169491,0.0024352073669433594,0.47501999139785767,0.0025200843811035156,0.9995250701904297,-0.00299072265625,0.9994925856590271,0.9993743896484375,0,0
290,6.664003565208986,0.002482891082763672,0.18468600511550903,0.0024361610412597656,0.9994256496429443,-0.00299072265625,0.9994077682495117,0.9993743896484375,0,0
291,6.687541695078835,0.002366781234741211,0.002250969409942627,0.0023660659790039062,0.9993751049041748,-0.00299072265625,0.9993748664855957,0.9993743896484375,0,0
292,6.710770215140656,0.0023651123046875,0.00014263391494750977,0.0023651123046875,0.9993743896484375,-0.00299072265625,0.9993744492530823,0.9993743896484375,0,0
293,6.735328248003498,0.0023651123046875,0.0001576542854309082,0.0023651123046875,0.9916382431983948,-0.00299072265625,0.9970251321792603,0.9993743896484375,0,0
294,6.758463546168059,0.9998980164527893,0.7480025291442871,0.002482891082763672,0.9996209144592285,-0.00299072265625,0.9996401071548462,0.9993743896484375,0,0
295,6.782108935061842,0.002520322799682617,0.32201582193374634,0.0024971961975097656,0.9994776248931885,-0.00299072265625,0.9994454979896545,0.9993743896484375,0,0
296,6.805460768984631,0.0026290416717529297,0.6593703031539917,0.0025997161865234375,0.9995579719543457,-0.00299072265625,0.9995006918907166,0.9993743896484375,0,0
297,6.829119362169877,0.0023872852325439453,0.02689802646636963,0.0023767948150634766,0.9993841648101807,-0.00299072265625,0.9993805885314941,0.9993743896484375,0,0
298,6.8523163080681115,0.002367258071899414,0.0029595494270324707,0.0023665428161621094,0.9993754625320435,-0.00299072265625,0.9993748664855957,0.9993743896484375,0,0
299,6.875903104199097,6.0558319091796875e-05,0.27386248111724854,0.002033710479736328,0.9993569850921631,-0.00299072265625,0.9956699013710022,0.9993743896484375,0,0
300,6.8991141801234335,0.0023651123046875,0.0001652836799621582,0.0023651123046875,0.9993743896484375,-0.00299072265625,0.9993744492530823,0.9993743896484375,0,0
301,6.92263319902122,0.0023728609085083008,0.01020902395248413,0.0023696422576904297,0.9993760585784912,-0.00299072265625,0.9993754029273987,0.9993743896484375,0,0
302,6.94690049206838,0.002408266067504883,0.059197068214416504,0.002390742301940918,0.9993922710418701,-0.00299072265625,0.9993857741355896,0.9993743896484375,0,0
303,6.97048560413532,0.0025038719177246094,0.2363647222518921,0.0024614334106445312,0.9994573593139648,-0.00299072265625,0.9994300603866577,0.9993743896484375,0,0
304,6.993604346178472,0.0023651123046875,0.0001665353775024414,0.0023651123046875,0.9993743896484375,-0.00299072265625,0.9993744492530823,0.9993743896484375,0,0
305,7.017120217205957,0.0023651123046875,0.0001518726348876953,0.0023651123046875,0.9993743896484375,-0.00299072265625,0.9993744492530823,0.9993743896484375,0,0
306,7.040226015029475,0.0024139881134033203,0.06699120998382568,0.0023941993713378906,0.9993987083435059,-0.00299072265625,0.9945000410079956,0.9993743896484375,0,0
307,7.063867219025269,0.0024306774139404297,0.08460462093353271,0.0024014711380004883,0.9994022846221924,-0.00299072265625,0.9993923306465149,0.9993743896484375,0,0
308,7.0871815900318325,0.0023789405822753906,0.018324315547943115,0.002373814582824707,0.9993804693222046,-0.00299072265625,0.9993782639503479,0.9993743896484375,0,0
309,7.11073051718995,0.0023651123046875,0.00016766786575317383,0.0023651123046875,0.9993743896484375,-0.00299072265625,0.9993744492530823,0.9684295654296875,0,0
310,7.1338315000757575,0.0023651123046875,0.00016045570373535156,0.0023651123046875,0.9993743896484375,-0.00299072265625,0.9993744492530823,0.9993743896484375,0,0
311,7.157028465066105,0.0024106502532958984,0.06110656261444092,0.0023916959762573242,0.999396562576294,-0.00299072265625,0.9993884563446045,0.9993743896484375,0,0
312,7.179974726168439,0.002603292465209961,0.4422335624694824,0.0025529861450195312,0.9995392560958862,-0.00299072265625,0.9994792342185974,0.9993743896484375,0,0
313,7.203104673186317,0.0009920597076416016,0.42707929015159607,0.0024338960647583008,0.9995144605636597,-0.00299072265625,0.9995242953300476,0.9993743896484375,0,0
314,7.226763376034796,0.0023651123046875,0.00015360116958618164,0.0023651123046875,0.9993743896484375,-0.00299072265625,0.9993744492530823,0.9993743896484375,0,0
315,7.250160192139447,0.0023658275604248047,0.0010104775428771973,0.002365589141845703,0.9993747472763062,-0.00299072265625,0.9993746280670166,0.9993743896484375,0,0
316,7.2733203421812505,0.9993702173233032,0.07966653257608414,0.0016334056854248047,0.9991652965545654,-0.00299072265625,0.9995068907737732,0.9993743896484375,0,0
317,7.296616862062365,0.0024944543838500977,0.1897042989730835,0.0024442672729492188,0.9994418621063232,-0.00299072265625,0.9994150996208191,0.9993743896484375,0,0
318,7.3202244359999895,0.0025739669799804688,0.2899963855743408,0.0025026798248291016,0.9994933605194092,-0.00299072265625,0.9994572997093201,0.9993896484375,0,0
319,7.343632251024246,0.002180933952331543,0.5976678133010864,0.0025124549865722656,0.999545693397522,-0.00299072265625,0.9995242357254028,0.9993743896484375,0,0
320,7.366901141125709,0.0023651123046875,0.00015360116958618164,0.0023651123046875,0.9993743896484375,-0.00299072265625,0.9993744492530823,0.9993743896484375,0,0
321,7.390169661026448,0.0024645328521728516,0.13485276699066162,0.002422332763671875,0.9994227886199951,-0.00299072265625,0.9994057416915894,0.9993743896484375,0,0
322,7.413489588070661,0.002142667770385742,0.545708179473877,0.0024667978286743164,0.9995238780975342,-0.00299072265625,0.9995192885398865,0.9993743896484375,0,0
323,7.436642904998735,0.0023653507232666016,0.00031834840774536133,0.0023653507232666016,0.999374508857727,-0.00299072265625,0.9993744492530823,0.9993743896484375,0,0
324,7.45959659316577,0.0021462440490722656,0.5504545569419861,0.0024690628051757812,0.999516487121582,-0.00299072265625,0.9995255470275879,0.9993743896484375,0,0
325,7.482509984169155,0.0023653507232666016,0.00022178888320922852,0.0023651123046875,0.9993743896484375,-0.00299072265625,0.9993744492530823,0.9993743896484375,0,0
326,7.505475728074089,0.0023651123046875,0.00014740228652954102,0.0023651123046875,0.9993743896484375,-0.00299072265625,0.9993744492530823,0.9993743896484375,0,0
327,7.528371397173032,0.0023801326751708984,-2.8206796646118164,0.9993512630462646,0.9975740909576416,-0.00299072265625,0.9988492131233215,0.9993743896484375,0,0
328,7.5513873810414225,0.002370119094848633,0.006696760654449463,0.0023682117462158203,0.9955193996429443,-0.00299072265625,0.9941455721855164,0.9993743896484375,0,0
329,7.574306550202891,0.00253450870513916,0.2775030732154846,0.0024880170822143555,0.9994723796844482,-0.00299072265625,0.999434232711792,0.9993743896484375,0,0
330,7.597702607046813,0.0023850202560424805,0.026656627655029297,0.002377748489379883,0.9993851184844971,-0.00299072265625,0.9993811249732971,0.9993743896484375,0,0
331,7.620775516144931,0.002373933792114258,0.01161426305770874,0.0023707151412963867,0.9993786811828613,-0.00299072265625,0.9993773102760315,0.9993743896484375,0,0
332,7.643604464130476,0.002489805221557617,0.42260342836380005,0.0025186538696289062,0.9995193481445312,-0.00299072265625,0.9994848966598511,0.9993743896484375,0,0
333,7.666508355177939,0.002368927001953125,0.00508803129196167,0.002367258071899414,0.9993762969970703,-0.00299072265625,0.9993749260902405,0.9993743896484375,0,0
334,7.690603409195319,0.0023276805877685547,0.5173081159591675,0.002505183219909668,0.9995284080505371,-0.00299072265625,0.9995132088661194,0.9993743896484375,0,0
335,7.713364301016554,0.9996920824050903,0.6203494071960449,0.0020720958709716797,0.9993555545806885,-0.00299072265625,0.9996118545532227,0.9993743896484375,0,0
336,7.736493061995134,0.0016196966171264648,0.5287818908691406,0.0023300647735595703,0.9994451999664307,-0.00299072265625,0.999525249004364,0.9993743896484375,0,0
337,7.759194844169542,0.9985361099243164,1.2374889850616455,0.0017578601837158203,0.993415355682373,-0.00299072265625,0.9974536299705505,0.9993743896484375,0,0
338,7.7823106232099235,0.0023653507232666016,0.00015592575073242188,0.0023651123046875,0.9993743896484375,-0.00299072265625,0.9993744492530823,0.9993743896484375,0,0
339,7.805032756179571,0.0023728609085083008,0.010221600532531738,0.0023696422576904297,0.9993780851364136,-0.00299072265625,0.9993769526481628,0.9993743896484375,0,0
340,7.827992648119107,0.0023651123046875,0.0001710057258605957,0.0023651123046875,0.9993743896484375,-0.00299072265625,0.9993744492530823,0.9993743896484375,0,0
341,7.850917243165895,0.002489805221557617,-2.4180045127868652,0.998661458492279,0.997170090675354,-0.00299072265625,0.998954713344574,0.9993743896484375,0,0
342,7.87362537602894,0.002371072769165039,0.008030891418457031,0.002368927001953125,0.9993774890899658,-0.00299072265625,0.9993762373924255,0.9993743896484375,0,0
343,7.896985803032294,0.0024756193161010742,0.16976827383041382,0.002442002296447754,0.9994349479675293,-0.00299072265625,0.9994176030158997,0.9993743896484375,0,0
344,7.919767992105335,0.0023651123046875,0.0001704692840576172,0.0023651123046875,0.9993743896484375,-0.00299072265625,0.9993744492530823,0.9993743896484375,0,0
345,7.9428689940832555,0.0023651123046875,0.0001704692840576172,0.0023651123046875,0.993209719657898,-0.00299072265625,0.9975667595863342,0.9993743896484375,0,0
346,7.965634849155322,0.0025080442428588867,0.22453749179840088,0.0024585723876953125,0.9917179942131042,-0.00299072265625,0.9964091181755066,0.9993743896484375,0,0
347,7.9884040739852935,0.0023767948150634766,0.015451967716217041,0.0023725032806396484,0.9993805885314941,-0.00299072265625,0.999377965927124,0.9993743896484375,0,0
348,8.011365336133167,0.002366304397583008,0.001578986644744873,0.0023658275604248047,0.9993751049041748,-0.00299072265625,0.9993748664855957,0.9684295654296875,0,0
349,8.03424874600023,0.0024338960647583008,0.47312623262405396,0.002520322799682617,0.9995243549346924,-0.00299072265625,0.9994921684265137,0.9993743896484375,0,0
350,8.057160342112184,0.002515077590942383,0.2768329381942749,0.0024756193161010742,0.9994707107543945,-0.00299072265625,0.9994454979896545,0.9993743896484375,0,0
351,8.080026771174744,0.002369403839111328,0.005631089210510254,0.0023676156997680664,0.9993764162063599,-0.00299072265625,0.9993757009506226,0.9993743896484375,0,0
352,8.103280790150166,1.5974044799804688e-05,0.21377116441726685,0.0020074844360351562,0.9944471120834351,-0.00299072265625,0.998141348361969,0.9993743896484375,0,0
353,8.12640636600554,0.0005648136138916016,0.3482915461063385,0.0021467208862304688,0.9993405342102051,-0.00299072265625,0.9995167255401611,0.9993743896484375,0,0
354,8.149611683096737,0.9993681907653809,0.24511593580245972,0.0018498897552490234,0.9992680549621582,-0.00299072265625,0.9994839429855347,0.9993743896484375,0,0
355,8.172883166000247,0.0023889541625976562,0.03194701671600342,0.002377748489379883,0.9993841648101807,-0.00299072265625,0.9993805289268494,0.9993743896484375,0,0
356,8.196019167080522,0.0024328231811523438,0.09164118766784668,0.002404928207397461,0.9994076490402222,-0.00299072265625,0.9993937015533447,0.9993743896484375,0,0
357,8.21913363202475,0.0023665428161621094,0.0018692612648010254,0.0023658275604248047,0.9993751049041748,-0.00299072265625,0.9993748664855957,0.9993743896484375,0,0
358,8.24225681903772,0.0023670196533203125,0.002465367317199707,0.9946298599243164,0.9944853782653809,-0.00299072265625,0.998001754283905,0.9993743896484375,0,0
359,8.265404117992148,0.002524852752685547,0.4228273630142212,0.0025213956832885742,0.9995160102844238,-0.00299072265625,0.9994693994522095,0.9993743896484375,0,0
360,8.288514694198966,0.0005576610565185547,0.33889684081077576,0.002142667770385742,0.9993370771408081,-0.00299072265625,0.9995145201683044,0.9993743896484375,0,0
361,8.31179230613634,0.0005970001220703125,-1.5504215955734253,0.9937543272972107,0.9941849708557129,-0.00299072265625,0.9986714720726013,0.9993743896484375,0,0
362,8.33500591898337,0.9993426203727722,0.21380147337913513,0.001834869384765625,0.9993369579315186,-0.00299072265625,0.9995238184928894,0.9993743896484375,0,0
363,8.358430697117,0.00251007080078125,0.40321749448776245,0.002518177032470703,0.9995088577270508,-0.00299072265625,0.999479353427887,0.9993743896484375,0,0
364,8.381399773992598,0.0023651123046875,0.00016313791275024414,0.0023651123046875,0.9993743896484375,-0.00299072265625,0.9993744492530823,0.9993743896484375,0,0
365,8.404522109078243,0.0023651123046875,-2.810694932937622,0.0021631717681884766,0.9979212284088135,-0.00299072265625,0.9996545910835266,0.9993743896484375,0,0
366,8.436480169184506,0.0023660659790039062,-3.8672540187835693,0.9993429183959961,0.9980015754699707,-0.00299072265625,0.9994992613792419,0.9993743896484375,0,0
367,8.464359614998102,0.0024499893188476562,0.12071454524993896,0.002416849136352539,0.9994179010391235,-0.00299072265625,0.9994000792503357,0.9993743896484375,0,0
368,8.487638190155849,0.002247333526611328,0.5173090696334839,0.002520322799682617,0.9995193481445312,-0.00299072265625,0.9994848966598511,0.9993743896484375,0,0
369,8.511198172112927,0.0023653507232666016,0.0002765059471130371,0.0023653507232666016,0.9993743896484375,-0.00299072265625,0.9993744492530823,0.9993743896484375,0,0
370,8.533994435099885,0.002515554428100586,0.2774088382720947,0.0024832487106323242,0.9994779825210571,-0.00299072265625,0.9994456768035889,0.9993743896484375,0,0
371,8.557923396117985,0.0023651123046875,0.00016498565673828125,0.0023651123046875,0.9993743896484375,-0.00299072265625,0.9993744492530823,0.9993743896484375,0,0
372,8.580856973072514,0.0023651123046875,0.00016498565673828125,0.0023651123046875,0.9993743896484375,-0.00299072265625,0.9993744492530823,0.9993743896484375,0,0
373,8.603983771055937,0.0024489164352416992,0.1165505051612854,0.0024199485778808594,0.9994165897369385,-0.00299072265625,0.9993991255760193,0.9993743896484375,0,0
374,8.627211180049926,0.002247333526611328,0.44826531410217285,0.002515077590942383,0.9994848966598511,-0.00299072265625,0.9993940591812134,0.9993743896484375,0,0
375,8.655387570150197,0.0024667978286743164,0.4225611090660095,0.00251007080078125,0.9994994401931763,-0.00299072265625,0.9994574189186096,0.9993743896484375,0,0
376,8.679301457013935,0.0023665428161621094,0.0019012689590454102,0.0023660659790039062,0.9993751049041748,-0.00299072265625,0.9993748664855957,0.9993743896484375,0,0
377,8.702138516120613,0.0023723840713500977,0.12070095539093018,0.0023908615112304688,0.9993940591812134,-0.00299072265625,0.9993804693222046,0.9993743896484375,0,0
378,8.736030124127865,0.0023651123046875,-1.3826026916503906,0.0013393163681030273,0.9990167617797852,-0.00299072265625,0.9995284676551819,0.9684295654296875,0,0
379,8.760620823130012,0.0024421215057373047,0.11038190126419067,0.002416372299194336,0.999417781829834,-0.00299072265625,0.9994024634361267,0.9993743896484375,0,0
380,8.783615530002862,0.0023660659790039062,-3.866894483566284,0.9974758625030518,0.9970254898071289,-0.00299072265625,0.9995296597480774,0.9993743896484375,0,0
381,8.809549020137638,0.9985079169273376,-0.1860242486000061,0.0013393163681030273,0.9988441467285156,-0.00299072265625,0.999397873878479,0.9993743896484375,0,0
382,8.832375727128237,0.0023651123046875,0.0001430511474609375,0.0023651123046875,0.9993743896484375,-0.00299072265625,0.9993744492530823,0.9993743896484375,0,0
383,8.855694099096581,0.0023651123046875,0.04282005503773689,0.001615762710571289,0.9990167617797852,-0.00299072265625,0.9994760751724243,0.9993743896484375,0,0
384,8.8806282421574,0.002365589141845703,0.000694572925567627,0.0023653507232666016,0.9993746280670166,-0.00299072265625,0.9886156320571899,0.9993743896484375,0,0
385,8.906091383192688,0.0024361610412597656,0.09246361255645752,0.0023956298828125,0.9993798732757568,-0.00299072265625,0.9993775486946106,0.9993743896484375,0,0
386,8.937845332082361,0.0023651123046875,0.0001659393310546875,0.0023651123046875,0.9993743896484375,-0.00299072265625,0.9963518977165222,0.9993743896484375,0,0
387,8.961194889154285,0.0025224685668945312,0.006758928298950195,0.0023671388626098633,0.9993759393692017,-0.00299072265625,0.9993751645088196,0.9993743896484375,0,0
388,8.991796509129927,0.002365589141845703,0.0005602240562438965,0.0023653507232666016,0.9993746280670166,-0.00299072265625,0.9993746280670166,0.9993743896484375,0,0
389,9.015000567073002,0.0023651123046875,0.00015807151794433594,0.0023651123046875,0.9993743896484375,-0.00299072265625,0.9993744492530823,0.9993743896484375,0,0
390,9.037854050984606,0.0023651123046875,-3.8679451942443848,0.9974753856658936,0.9963518977165222,-0.00299072265625,0.998348593711853,0.9993743896484375,0,0
391,9.062058826209977,0.0025663375854492188,0.2297329306602478,0.0023915767669677734,0.9994039535522461,-0.00299072265625,0.9994013905525208,0.9993896484375,0,0
392,9.090514419134706,0.00238037109375,0.00012093782424926758,0.00238037109375,0.9993896484375,-0.00299072265625,0.9993897080421448,0.9993896484375,0,0
393,9.113515643170103,0.0023692846298217773,0.00500112771987915,0.0023674964904785156,0.9993764162063599,-0.00299072265625,0.9993754029273987,0.9993743896484375,0,0
394,9.136757552158087,0.002386808395385742,0.026332497596740723,0.002377748489379883,0.999384880065918,-0.00299072265625,0.9993810653686523,0.9993743896484375,0,0
395,9.16018388606608,0.0009920597076416016,0.427069753408432,0.002142667770385742,0.999397873878479,-0.00299072265625,0.9995238184928894,0.9993743896484375,0,0
396,9.183649961138144,0.0023986101150512695,0.04135316610336304,0.002384781837463379,0.9993908405303955,-0.00299072265625,0.9993848204612732,0.9993743896484375,0,0
397,9.20662648207508,0.0023651123046875,0.00014406442642211914,0.0023651123046875,0.9993743896484375,-0.00299072265625,0.9993744492530823,0.9993743896484375,0,0
398,9.229772206163034,0.0020308494567871094,1.046175479888916,0.0025832653045654297,0.9996542930603027,-0.00299072265625,0.9996684789657593,0.9993743896484375,0,0
399,9.252625801134855,0.0023651123046875,0.00015085935592651367,0.9946289658546448,0.9955171942710876,-0.00299072265625,0.9941440224647522,0.9993743896484375,0,0
400,9.275641081156209,0.0025103092193603516,0.25627994537353516,0.0024483203887939453,0.9994454383850098,-0.00299072265625,0.9994215369224548,0.9993743896484375,0,0
401,9.298886009026319,0.0023651123046875,0.00016623735427856445,0.0023651123046875,0.9993743896484375,-0.00299072265625,0.9993744492530823,0.9993743896484375,0,0
402,9.321793197188526,0.0009920597076416016,-1.9482349157333374,4.9114227294921875e-05,0.9995239973068237,-0.00299072265625,0.9995182752609253,0.9993743896484375,0,0
403,9.351420266088098,0.0024271011352539062,0.08376961946487427,0.002401590347290039,0.9994049072265625,-0.00299072265625,0.9993878602981567,0.9993743896484375,0,0
404,9.374985562171787,0.0021605491638183594,0.5695103406906128,0.0024781227111816406,0.9995239973068237,-0.00299072265625,0.9995303750038147,0.9993743896484375,0,0
405,9.39785143500194,0.0023651123046875,0.00015217065811157227,0.0023651123046875,0.9993743896484375,-0.00299072265625,0.9993744492530823,0.9993743896484375,0,0
406,9.420800827210769,0.0023651123046875,0.00014477968215942383,0.0023651123046875,0.9993743896484375,-0.00299072265625,0.9993744492530823,0.9993743896484375,0,0
407,9.443621941143647,0.00012540817260742188,0.6723811626434326,0.001995086669921875,0.9915697574615479,-0.00299072265625,0.9965485334396362,0.9993743896484375,0,0
408,9.466520796064287,0.002512693405151367,0.137414813041687,0.0024243593215942383,0.9932631254196167,-0.00299072265625,0.9970725774765015,0.9993896484375,0,0
409,9.489956167060882,0.0023834705352783203,0.004146456718444824,0.0023822784423828125,0.9993913173675537,-0.00299072265625,0.9993907809257507,0.9993896484375,0,0
410,9.51275604008697,0.0024504661560058594,0.11072009801864624,0.002412557601928711,0.9994109869003296,-0.00299072265625,0.9994000792503357,0.9993743896484375,0,0
411,9.538894586032256,0.002571702003479004,0.535694420337677,0.0025720596313476562,0.9995640516281128,-0.00299072265625,0.9995235800743103,0.9993743896484375,0,0
412,9.561664219014347,0.0026543140411376953,0.537236213684082,0.002581357955932617,0.9995357990264893,-0.00299072265625,0.9994282722473145,0.9993743896484375,0,0
413,9.585840365150943,0.0023984909057617188,0.026185810565948486,0.002376556396484375,0.9993793964385986,-0.00299072265625,0.9993775486946106,0.9993743896484375,0,0
414,9.61279448098503,0.0023651123046875,0.0001462101936340332,0.0023651123046875,0.9993743896484375,-0.00299072265625,0.9993744492530823,0.9993743896484375,0,0
415,9.635926372138783,1.5854835510253906e-05,0.4482688903808594,0.002520322799682617,0.9995243549346924,-0.00299072265625,0.9994994401931763,0.9993743896484375,0,0
416,9.661009977106005,0.002463698387145996,0.14081335067749023,0.0024253129959106445,0.9994043111801147,-0.00299072265625,0.9993953108787537,0.9993743896484375,0,0
417,9.68703102413565,0.00252377986907959,0.2033088207244873,0.0024559497833251953,0.9994463920593262,-0.00299072265625,0.9994262456893921,0.9993743896484375,0,0
418,9.710505043156445,0.0023877620697021484,0.030187368392944336,0.0023720264434814453,0.9993801116943359,-0.00299072265625,0.9993780255317688,0.9993743896484375,0,0
419,9.73588005406782,0.0023651123046875,0.00016868114471435547,0.0023651123046875,0.9993743896484375,-0.00299072265625,0.9993744492530823,0.9993743896484375,0,0
420,9.758628317154944,0.9993705749511719,0.08039640635251999,0.001633763313293457,0.9990317821502686,-0.00299072265625,0.9994082450866699,0.9993743896484375,0,0
421,9.781713967211545,0.0025205612182617188,-1.9750248193740845,0.9905973076820374,0.9961685538291931,-0.00299072265625,0.9995619058609009,0.9993743896484375,0,0
422,9.81647483119741,0.0023653507232666016,0.00014644861221313477,0.0023651123046875,0.9944846630096436,-0.00299072265625,0.9990168213844299,0.9993743896484375,0,0
423,9.842467655194923,0.0023651123046875,0.00016158819198608398,0.0023651123046875,0.9993743896484375,-0.00299072265625,0.9993744492530823,0.9993743896484375,0,0
424,9.87266631401144,0.002365589141845703,0.00054931640625,0.0023653507232666016,0.9993746280670166,-0.00299072265625,0.999374508857727,0.9993743896484375,0,0
425,9.897301866207272,0.0023758411407470703,-2.011308193206787,0.9993494749069214,0.9975724220275879,-0.00299072265625,0.9988481402397156,0.9993743896484375,0,0
426,9.921389975119382,0.0023903846740722656,0.030612468719482422,0.0023796558380126953,0.9993865489959717,-0.00299072265625,0.9993808269500732,0.9993743896484375,0,0
427,9.944523366168141,0.002521991729736328,0.38087213039398193,0.0025147199630737305,0.9995105266571045,-0.00299072265625,0.9994803667068481,0.9993743896484375,0,0
428,9.96716811018996,4.9114227294921875e-05,0.2588244080543518,0.002027153968811035,0.9992730617523193,-0.00299072265625,0.9994874596595764,0.9993743896484375,0,0
429,9.99100786820054,0.0023651123046875,0.00017017126083374023,0.0023651123046875,0.9993743896484375,-0.00299072265625,0.9963518977165222,0.9993743896484375,0,0
430,10.013758964138106,0.0023276805877685547,-1.0631991624832153,0.00013780593872070312,0.9982222318649292,-0.00299072265625,0.9994238018989563,0.9993743896484375,0,0
431,10.037841740064323,0.0023746490478515625,0.012650132179260254,0.00237119197845459,0.9993793964385986,-0.00299072265625,0.9955205917358398,0.9993743896484375,0,0
432,10.060536911012605,0.0023651123046875,0.00014793872833251953,0.0023651123046875,0.9993743896484375,-0.00299072265625,0.9993744492530823,0.9993743896484375,0,0
433,10.083127229008824,0.002574324607849121,0.37615668773651123,0.002526521682739258,0.9995155334472656,-0.00299072265625,0.9994788765907288,0.9993743896484375,0,0
434,10.10579064115882,0.9991199970245361,0.588431179523468,0.0017174482345581055,0.9991569519042969,-0.00299072265625,0.9995931386947632,0.9993743896484375,0,0
435,10.128499885089695,0.9976035356521606,-0.06026849150657654,0.0011477470397949219,0.9987719058990479,-0.00299072265625,0.9993756413459778,0.9993743896484375,0,0
436,10.151174296159297,0.002378702163696289,0.01818627119064331,0.0023730993270874023,0.9993810653686523,-0.00299072265625,0.9993785619735718,0.9993743896484375,0,0
437,10.174037280026823,0.0023685693740844727,0.004663527011871338,0.002366781234741211,0.9993758201599121,-0.00299072265625,0.9993753433227539,0.9993743896484375,0,0
438,10.197136856149882,0.0023651123046875,0.00015592575073242188,0.0023651123046875,0.9993743896484375,-0.00299072265625,0.9993744492530823,0.9993743896484375,0,0
439,10.219752620207146,0.002436041831970215,0.4760017991065979,0.9963558316230774,0.9956718683242798,-0.00299072265625,0.9981341361999512,0.9993743896484375,0,0
440,10.24316660198383,0.99466472864151,-0.14982469379901886,0.0013566017150878906,0.9990299940109253,-0.00299072265625,0.9994515180587769,0.9993743896484375,0,0
441,10.269896145211533,0.0023844242095947266,0.009379565715789795,0.002382636070251465,0.9993922710418701,-0.00299072265625,0.9993918538093567,0.9993896484375,0,0
442,10.298921772046015,0.002382993698120117,0.00379180908203125,0.0023822784423828125,0.9993911981582642,-0.00299072265625,0.9993906617164612,0.9993896484375,0,0
443,10.321483628125861,0.0026508569717407227,0.5582265257835388,0.0026006698608398438,0.9995816946029663,-0.00299072265625,0.9995294809341431,0.9993743896484375,0,0
444,10.343987873056903,0.00208437442779541,0.6636300683021545,0.0024442672729492188,0.9995231628417969,-0.00299072265625,0.9995619058609009,0.9993743896484375,0,0
445,10.366395230172202,0.0023651123046875,0.00017088651657104492,0.0023651123046875,0.9993743896484375,-0.00299072265625,0.9993744492530823,0.9993743896484375,0,0
446,10.388798049185425,0.002489805221557617,0.44829368591308594,0.002520322799682617,0.9995243549346924,-0.00299072265625,0.9994994401931763,0.9993743896484375,0,0
447,10.411245517199859,0.0023651123046875,0.7463244795799255,0.0025562047958374023,0.9995913505554199,-0.00299072265625,0.9995836019515991,0.9993743896484375,0,0
448,10.43361261417158,0.0023653507232666016,0.00014889240264892578,0.0023651123046875,0.9993743896484375,-0.00299072265625,0.9993744492530823,0.9993743896484375,0,0
449,10.45599023019895,0.0010689496994018555,0.5373209118843079,0.002193927764892578,0.9993802309036255,-0.00299072265625,0.9995297193527222,0.9993743896484375,0,0
450,10.478489901171997,0.0012121200561523438,0.8860232830047607,0.002218961715698242,0.9994504451751709,-0.00299072265625,0.9996284246444702,0.9993743896484375,0,0
451,10.501004183199257,0.0024629831314086914,0.15822792053222656,0.002431631088256836,0.9994308948516846,-0.00299072265625,0.9994146823883057,0.9993743896484375,0,0
452,10.523620113031939,0.00251007080078125,0.2768487334251404,0.002482891082763672,0.9994776248931885,-0.00299072265625,0.9994512796401978,0.9993743896484375,0,0
453,10.546399783110246,0.0023653507232666016,-3.8678572177886963,0.9985080361366272,0.9970252513885498,-0.00299072265625,0.9986250996589661,0.9993743896484375,0,0
454,10.56887208414264,0.0025870800018310547,0.38711017370224,0.002524137496948242,0.9995110034942627,-0.00299072265625,0.9994733929634094,0.9993743896484375,0,0
455,10.591392106143758,0.002587437629699707,0.35713595151901245,0.0025243759155273438,0.9995008707046509,-0.00299072265625,0.9945757389068604,0.9993743896484375,0,0
456,10.613996536005288,0.0023651123046875,0.00015598535537719727,0.0023651123046875,0.9993743896484375,-0.00299072265625,0.9993744492530823,0.9993743896484375,0,0
457,10.636421540984884,0.002420783042907715,0.08460843563079834,0.0024046897888183594,0.9994077682495117,-0.00299072265625,0.999397873878479,0.9993743896484375,0,0
458,10.65886410116218,0.002518892288208008,0.27748894691467285,0.002485990524291992,0.9994792938232422,-0.00299072265625,0.9994514584541321,0.9993743896484375,0,0
459,10.681843122001737,0.0023703575134277344,0.006920933723449707,0.002368450164794922,0.9993771314620972,-0.00299072265625,0.999376118183136,0.9993743896484375,0,0
460,10.704501681029797,0.0024750232696533203,0.17930519580841064,0.0024466514587402344,0.999443769454956,-0.00299072265625,0.9994240999221802,0.9993743896484375,0,0
461,10.726871612016112,0.0023813247680664062,0.02349090576171875,0.0023763179779052734,0.9993836879730225,-0.00299072265625,0.999380886554718,0.9993743896484375,0,0
462,10.749506523134187,0.002365589141845703,0.000491023063659668,0.0023653507232666016,0.9993746280670166,-0.00299072265625,0.9993746280670166,0.9684295654296875,0,0
463,10.771999769145623,0.0023653507232666016,0.00024515390396118164,0.0023653507232666016,0.9993743896484375,-0.00299072265625,0.9993744492530823,0.9993743896484375,0,0
464,10.794409624999389,0.9985498189926147,-0.4258168339729309,0.0013661384582519531,0.9988665580749512,-0.00299072265625,0.9944627285003662,0.9993743896484375,0,0
465,10.816997240064666,0.0023658275604248047,0.0011389851570129395,0.002365589141845703,0.9993748664855957,-0.00299072265625,0.9993747472763062,0.9993743896484375,0,0
466,10.839509319048375,0.0023651123046875,0.0001556873321533203,0.0023651123046875,0.9993743896484375,-0.00299072265625,0.9993744492530823,0.9993743896484375,0,0
467,10.861837767995894,0.002444028854370117,0.6947506070137024,0.002585887908935547,0.9995973110198975,-0.00299072265625,0.999568521976471,0.9993743896484375,0,0
468,10.884417494060472,0.0023653507232666016,0.00017005205154418945,0.0023651123046875,0.9993743896484375,-0.00299072265625,0.9993744492530823,0.9993743896484375,0,0
469,10.906884683994576,0.0023717880249023438,0.009610116481781006,0.0023692846298217773,0.9993778467178345,-0.00299072265625,0.9993768334388733,0.9993743896484375,0,0
470,10.929505669046193,0.0025055408477783203,0.4229236841201782,0.002518892288208008,0.9995194673538208,-0.00299072265625,0.9994922876358032,0.9993743896484375,0,0
471,10.951884193113074,0.0023653507232666016,0.00028961896896362305,0.0023653507232666016,0.999374508857727,-0.00299072265625,0.9993744492530823,0.9993743896484375,0,0
472,10.974405512213707,0.0023696422576904297,-0.8738720417022705,0.0005600452423095703,0.9983506202697754,-0.00299072265625,0.9991532564163208,0.9993743896484375,0,0
473,10.997265978017822,0.0023651123046875,0.0001556873321533203,0.0023651123046875,0.9993743896484375,-0.00299072265625,0.9993744492530823,0.9993743896484375,0,0
474,11.019623131025583,0.0023778676986694336,0.018678009510040283,0.002373933792114258,0.9993817806243896,-0.00299072265625,0.999379575252533,0.9684295654296875,0,0
475,11.042157487012446,0.00252377986907959,0.31144851446151733,0.9947600364685059,0.9946001172065735,-0.00299072265625,0.9976533055305481,0.9993743896484375,0,0
476,11.06451127002947,0.0023658275604248047,0.001042008399963379,0.002365589141845703,0.9993748664855957,-0.00299072265625,0.9993746876716614,0.9993743896484375,0,0
477,11.087006515124813,0.0023651123046875,0.00017029047012329102,0.0023651123046875,0.9993743896484375,-0.00299072265625,0.9993744492530823,0.9993743896484375,0,0
478,11.109761648112908,0.0023651123046875,0.00017029047012329102,0.0023651123046875,0.9993743896484375,-0.00299072265625,0.9993744492530823,0.9993743896484375,0,0
479,11.132148504024372,0.0024614334106445312,0.15603667497634888,0.0024361610412597656,0.9994349479675293,-0.00299072265625,0.9994176626205444,0.9993743896484375,0,0
480,11.154896619031206,0.0023651123046875,0.0001558065414428711,0.0023651123046875,0.9993743896484375,-0.00299072265625,0.9993744492530823,0.9993743896484375,0,0
481,11.177258698036894,0.0023670196533203125,0.0027261972427368164,0.0023664236068725586,0.9993754625320435,-0.00299072265625,0.9993751049041748,0.9993743896484375,0,0
482,11.199762776028365,0.0023660659790039062,0.001318216323852539,0.9974758625030518,0.9963523149490356,-0.00299072265625,0.9983488917350769,0.9993743896484375,0,0
483,11.222257040208206,0.0024585723876953125,0.14866840839385986,0.0024335384368896484,0.9994323253631592,-0.00299072265625,0.9994155764579773,0.9993743896484375,0,0
484,11.244643693091348,0.002468585968017578,0.4758901596069336,0.0025205612182617188,0.9995290040969849,-0.00299072265625,0.9995001554489136,0.9993743896484375,0,0
485,11.267263530055061,0.0023651123046875,0.00017082691192626953,0.0023651123046875,0.9993743896484375,-0.00299072265625,0.9993744492530823,0.9993743896484375,0,0
486,11.289830571040511,0.0024971961975097656,0.23638427257537842,0.0024683475494384766,0.9994637966156006,-0.00299072265625,0.9994400143623352,0.9993743896484375,0,0
487,11.31226185313426,0.0023658275604248047,0.0011170506477355957,0.002365589141845703,0.9993748664855957,-0.00299072265625,0.9993746876716614,0.9993743896484375,0,0
488,11.334763210033998,0.002397298812866211,0.047549307346343994,0.0023877620697021484,0.9993932247161865,-0.00299072265625,0.9993875622749329,0.9993743896484375,0,0
489,11.357264918042347,0.0023651123046875,0.00015616416931152344,0.0023651123046875,0.9993743896484375,-0.00299072265625,0.9993744492530823,0.9993743896484375,0,0
490,11.37964475620538,0.0023651123046875,0.00015616416931152344,0.0023651123046875,0.9993743896484375,-0.00299072265625,0.9993744492530823,0.9993743896484375,0,0
491,11.402182612102479,0.002381563186645508,0.023901283740997314,0.002376556396484375,0.9993839263916016,-0.00299072265625,0.9993810057640076,0.9993743896484375,0,0
492,11.424520747037604,0.00236666202545166,0.0019888877868652344,0.0023660659790039062,0.9993751049041748,-0.00299072265625,0.9993749260902405,0.9993743896484375,0,0
493,11.447017195168883,0.0023651123046875,0.0001710057258605957,0.0023651123046875,0.9993743896484375,-0.00299072265625,0.9993744492530823,0.9993743896484375,0,0
494,11.469513866119087,0.0016179084777832031,0.5265395045280457,0.002329111099243164,0.9994442462921143,-0.00299072265625,0.9995245933532715,0.9993743896484375,0,0
495,11.49202244519256,0.0023651123046875,-3.8679394721984863,0.9974753856658936,0.9963518977165222,-0.00299072265625,0.998348593711853,0.9993743896484375,0,0
496,11.514653430087492,0.9974378347396851,-0.3447006642818451,0.0006822347640991211,0.9987791776657104,-0.00299072265625,0.9994014501571655,0.9993743896484375,0,0
497,11.537149342009798,0.0023651123046875,0.00014960765838623047,0.0023651123046875,0.9993743896484375,-0.00299072265625,0.9993744492530823,0.9993743896484375,0,0
498,11.559774587163702,0.0023651123046875,0.0001423954963684082,0.9946289658546448,0.9944846630096436,-0.00299072265625,0.9975667595863342,0.9993743896484375,0,0
499,11.582265535136685,0.0023651123046875,0.00016480684280395508,0.0023651123046875,0.9993743896484375,-0.00299072265625,0.9993744492530823,0.9993743896484375,0,0
500,11.604656207142398,0.0023651123046875,0.00016480684280395508,0.0023651123046875,0.9993743896484375,-0.00299072265625,0.9993744492530823,0.9993743896484375,0,0
501,11.627254174090922,0.0024030208587646484,0.055686116218566895,0.0023915767669677734,0.999396562576294,-0.00299072265625,0.9993898272514343,0.9993743896484375,0,0
502,11.649651197018102,0.002366304397583008,0.0015503764152526855,0.0023658275604248047,0.9993751049041748,-0.00299072265625,0.9993748664855957,0.9993743896484375,0,0
503,11.67214807216078,0.0023685693740844727,0.0051046013832092285,0.0023674964904785156,0.9993764162063599,-0.00299072265625,0.9993758201599121,0.9993743896484375,0,0
504,11.694521854165941,0.0023651123046875,0.0001499652862548828,0.0023651123046875,0.9993743896484375,-0.00299072265625,0.9955171942710876,0.9993743896484375,0,0
505,11.717023822013289,0.0024492740631103516,0.1327107548713684,0.0024214982986450195,0.9994220733642578,-0.00299072265625,0.9994080662727356,0.9993743896484375,0,0
506,11.739659529179335,0.0023806095123291016,0.022419214248657227,0.0023758411407470703,0.9993833303451538,-0.00299072265625,0.9993805885314941,0.9993743896484375,0,0
507,11.76215901505202,0.002463102340698242,0.1530056595802307,0.002435922622680664,0.999434232711792,-0.00299072265625,0.9994168281555176,0.9993743896484375,0,0
508,11.784526168135926,0.002365589141845703,0.0005742907524108887,0.0023653507232666016,0.9993746280670166,-0.00299072265625,0.9993746280670166,0.9993743896484375,0,0
509,11.807261523092166,0.0023653507232666016,0.00017189979553222656,0.0023651123046875,0.9993743896484375,-0.00299072265625,0.9993744492530823,0.9993743896484375,0,0
510,11.829780250089243,0.9944064021110535,-1.4759963750839233,0.9994113445281982,0.9976915121078491,-0.00299072265625,0.9989993572235107,0.9993743896484375,0,0
511,11.852268495131284,0.0010476112365722656,0.42312711477279663,0.0020471811294555664,0.9992899894714355,-0.00299072265625,0.9994994401931763,0.9993743896484375,0,0
512,11.874660111032426,0.0023651123046875,0.0001652836799621582,0.0023651123046875,0.9993743896484375,-0.00299072265625,0.9993744492530823,0.9993743896484375,0,0
513,11.897275467170402,0.0023741722106933594,0.011944770812988281,0.0023708343505859375,0.9993791580200195,-0.00299072265625,0.9993776679039001,0.9993743896484375,0,0
514,11.920022007077932,0.0023651123046875,0.0001431107521057129,0.0023651123046875,0.9993743896484375,-0.00299072265625,0.9993744492530823,0.9993743896484375,0,0
515,11.942529937019572,0.0023653507232666016,0.0004113912582397461,0.0023653507232666016,0.9993746280670166,-0.00299072265625,0.999374508857727,0.9993743896484375,0,0
516,11.965030664112419,0.0023975372314453125,0.8114141821861267,0.0026159286499023438,0.9996249675750732,-0.00299072265625,0.9995904564857483,0.9993743896484375,0,0
517,11.987669186200947,0.9985300898551941,-0.45508095622062683,0.0010075569152832031,0.9986380338668823,-0.00299072265625,0.9992655515670776,0.9993743896484375,0,0
518,12.010187135078013,0.0023651123046875,0.00016456842422485352,0.0023651123046875,0.9993743896484375,-0.00299072265625,0.9993744492530823,0.9993743896484375,0,0
519,12.032646047184244,0.0024155378341674805,0.07514750957489014,0.002400636672973633,0.9916679859161377,-0.00299072265625,0.996372640132904,0.9993743896484375,0,0
520,12.055015589110553,0.0023670196533203125,0.002495884895324707,0.002366304397583008,0.9993753433227539,-0.00299072265625,0.99937504529953,0.9993743896484375,0,0
521,12.077643685042858,0.0023651123046875,0.00014895200729370117,0.0023651123046875,0.9993743896484375,-0.00299072265625,0.9993744492530823,0.9993743896484375,0,0
522,12.100146227050573,0.002520322799682617,0.3461540937423706,0.0025038719177246094,0.9994994401931763,-0.00299072265625,0.9994706511497498,0.9993743896484375,0,0
523,12.122670194134116,0.0024083852767944336,0.05409133434295654,0.002390742301940918,0.9993958473205566,-0.00299072265625,0.9993893504142761,0.9993743896484375,0,0
524,12.145280587021261,0.0020074844360351562,0.5433863401412964,0.002388596534729004,0.9994760751724243,-0.00299072265625,0.9995284676551819,0.9993743896484375,0,0
525,12.16781144309789,0.002442002296447754,0.1203424334526062,0.0024121999740600586,0.9994139671325684,-0.00299072265625,0.9994023442268372,0.9993743896484375,0,0
526,12.190428632078692,0.002365589141845703,0.0007531046867370605,0.0023654699325561523,0.9993746280670166,-0.00299072265625,0.9993746280670166,0.9993743896484375,0,0
527,12.213023099116981,0.0005559921264648438,0.2106286585330963,0.0018336772918701172,0.9991506338119507,-0.00299072265625,0.9994752407073975,0.9993743896484375,0,0
528,12.235526973148808,0.002406597137451172,0.05567896366119385,0.0023915767669677734,0.999396562576294,-0.00299072265625,0.9993898272514343,0.9993743896484375,0,0
529,12.258033941034228,0.0023664236068725586,0.00190812349319458,0.0023660659790039062,0.9993751049041748,-0.00299072265625,0.9993749260902405,0.9993743896484375,0,0
530,12.280400964198634,0.0023696422576904297,0.006490170955657959,0.0023682117462158203,0.9993770122528076,-0.00299072265625,0.9993761777877808,0.9993743896484375,0,0
531,12.302784839179367,0.9946351051330566,-1.3745641708374023,1.9788742065429688e-05,0.9980044364929199,-0.00299072265625,0.9990190267562866,0.9993743896484375,0,0
532,12.325276751071215,4.470348358154297e-05,0.8678520917892456,0.0020712614059448242,0.9993984699249268,-0.00299072265625,0.9919286370277405,0.9993743896484375,0,0
533,12.347780922194943,0.0023725032806396484,0.009694278240203857,0.0023697614669799805,0.9993782043457031,-0.00299072265625,0.9993770718574524,0.9993743896484375,0,0
534,12.370439574122429,0.0024046897888183594,0.05918818712234497,0.002393007278442383,0.999397873878479,-0.00299072265625,0.9932260513305664,0.9993743896484375,0,0
535,12.392772486200556,0.0023651123046875,0.00016486644744873047,0.0023651123046875,0.9993743896484375,-0.00299072265625,0.9916382431983948,0.9993743896484375,0,0
536,12.415210250066593,0.002393007278442383,0.041255176067352295,0.002384781837463379,0.9993908405303955,-0.00299072265625,0.9993848204612732,0.9993743896484375,0,0
537,12.437779903179035,0.0023651123046875,0.00014287233352661133,0.0023651123046875,0.9993743896484375,-0.00299072265625,0.9993744492530823,0.9993743896484375,0,0
538,12.460161333205178,0.9985079169273376,-0.1860247254371643,0.0013393163681030273,0.9988441467285156,-0.00299072265625,0.9993370175361633,0.9993743896484375,0,0
539,12.482675856212154,0.0023843050003051758,0.025422394275665283,0.0023772716522216797,0.9993845224380493,-0.00299072265625,0.999381422996521,0.9993743896484375,0,0
540,12.505285785999149,0.0023653507232666016,0.00032901763916015625,0.0023653507232666016,0.9993746280670166,-0.00299072265625,0.9993744492530823,0.9993743896484375,0,0
541,12.528286974178627,0.0023651123046875,0.0001577138900756836,0.0023651123046875,0.9993743896484375,-0.00299072265625,0.9993744492530823,0.9993743896484375,0,0
542,12.550905052106827,0.0023651123046875,0.00015050172805786133,0.0023651123046875,0.9993743896484375,-0.00299072265625,0.9993744492530823,0.9993743896484375,0,0
543,12.573277853196487,0.0023653507232666016,0.0001653432846069336,0.0023651123046875,0.9993743896484375,-0.00299072265625,0.9993744492530823,0.9993743896484375,0,0
544,12.595910653006285,0.0023651123046875,0.00014346837997436523,0.0023651123046875,0.9993743896484375,-0.00299072265625,0.9993744492530823,0.9993743896484375,0,0
545,12.618287380086258,0.002505183219909668,0.4225994944572449,0.0025186538696289062,0.9995193481445312,-0.00299072265625,0.9994921684265137,0.9993743896484375,0,0
546,12.640681736171246,0.00236666202545166,-2.0235824584960938,0.9993435144424438,0.9975675344467163,-0.00299072265625,0.9988446831703186,0.9993743896484375,0,0
547,12.663220537127927,0.0023872852325439453,0.03233069181442261,0.0023806095123291016,0.999387264251709,-0.00299072265625,0.9993833899497986,0.9993743896484375,0,0
548,12.68564941198565,0.00011742115020751953,0.6619565486907959,0.001990079879760742,0.9915655255317688,-0.00299072265625,0.996545672416687,0.9993743896484375,0,0
549,12.708283508196473,0.002490997314453125,0.18483597040176392,0.0024635791778564453,0.9994606971740723,-0.00299072265625,0.9994409084320068,0.9993896484375,0,0
550,12.730683606117964,0.0023682117462158203,0.004651010036468506,0.002367258071899414,0.9993762969970703,-0.00299072265625,0.9993757009506226,0.9993743896484375,0,0
551,12.753039240138605,0.002365708351135254,0.0007842183113098145,0.002365589141845703,0.9993746280670166,-0.00299072265625,0.9993746280670166,0.9993743896484375,0,0
552,12.775683318031952,0.002392292022705078,0.522600531578064,0.0025076866149902344,0.999530553817749,-0.00299072265625,0.9995207786560059,0.9993743896484375,0,0
553,12.798045119037852,0.0023651123046875,0.0001583695411682129,0.0023651123046875,0.9993743896484375,-0.00299072265625,0.9993744492530823,0.9993743896484375,0,0
554,12.820725753204897,0.002365589141845703,0.0007097721099853516,0.0023654699325561523,0.9993746280670166,-0.00299072265625,0.9993746280670166,0.9993743896484375,0,0
555,12.843159961048514,0.0025186538696289062,0.40272057056427,0.0025179386138916016,0.9995157718658447,-0.00299072265625,0.9994865655899048,0.9993743896484375,0,0
556,12.865541132166982,0.0023651123046875,0.00016570091247558594,0.0023651123046875,0.9993743896484375,-0.00299072265625,0.9993744492530823,0.9993743896484375,0,0
557,12.888034674106166,0.0023651123046875,0.00015091896057128906,0.0023651123046875,0.9993743896484375,-0.00299072265625,0.9993744492530823,0.9993743896484375,0,0
558,12.910564363002777,0.0023900270462036133,0.03317224979400635,0.002380967140197754,0.9993876218795776,-0.00299072265625,0.9993835687637329,0.9993743896484375,0,0
559,12.9330446831882,0.0023651123046875,0.00016617774963378906,0.0023651123046875,0.9993743896484375,-0.00299072265625,0.9993744492530823,0.9993743896484375,0,0
560,12.955682297004387,0.0023653507232666016,0.00014400482177734375,0.0023651123046875,0.9993743896484375,-0.00299072265625,0.9993744492530823,0.9993743896484375,0,0
561,12.978170061018318,0.002421855926513672,0.08372437953948975,0.002404928207397461,0.9994076490402222,-0.00299072265625,0.9993975758552551,0.9993743896484375,0,0
562,13.00070282514207,0.0023658275604248047,0.0011864900588989258,0.002365589141845703,0.9993748664855957,-0.00299072265625,0.9993748068809509,0.9993743896484375,0,0
563,13.023310440126806,0.0023651123046875,0.00015085935592651367,0.0023651123046875,0.9993743896484375,-0.00299072265625,0.9993744492530823,0.9993743896484375,0,0
564,13.04568344517611,0.002247452735900879,0.5458167195320129,0.002466917037963867,0.9995145797729492,-0.00299072265625,0.9995279908180237,0.9993743896484375,0,0
565,13.068215097067878,0.0023984909057617188,0.049443602561950684,0.9962238669395447,0.9955368041992188,-0.00299072265625,0.9980149865150452,0.9993743896484375,0,0
566,13.090707360999659,0.002376556396484375,0.01660829782485962,0.0023723840713500977,0.999380350112915,-0.00299072265625,0.9916423559188843,0.9993743896484375,0,0
567,13.113288087071851,0.0023690462112426758,0.005677640438079834,0.002367854118347168,0.999376654624939,-0.00299072265625,0.9993759393692017,0.9993743896484375,0,0
568,13.13566664699465,0.002439737319946289,0.11541688442230225,0.0024187564849853516,0.9994196891784668,-0.00299072265625,0.9994063973426819,0.9993743896484375,0,0
569,13.158051911043003,0.002384662628173828,0.02619612216949463,0.0023775100708007812,0.999384880065918,-0.00299072265625,0.9993816614151001,0.9993743896484375,0,0
570,13.180570101132616,0.0023653507232666016,0.00018596649169921875,0.0023651123046875,0.9993743896484375,-0.00299072265625,0.9993744492530823,0.9993743896484375,0,0
571,13.203184771118686,0.0023651123046875,0.0001710653305053711,0.0023651123046875,0.9993743896484375,-0.00299072265625,0.9993744492530823,0.9993743896484375,0,0
572,13.225660442141816,0.0024366378784179688,0.1107744574546814,0.0024166107177734375,0.9994179010391235,-0.00299072265625,0.9994050860404968,0.9993743896484375,0,0
573,13.248037114040926,0.002371072769165039,0.007792234420776367,0.0023688077926635742,0.9993774890899658,-0.00299072265625,0.9993765354156494,0.9993743896484375,0,0
574,13.271474411012605,0.0023653507232666016,0.00017052888870239258,0.0023651123046875,0.9993743896484375,-0.00299072265625,0.9993744492530823,0.9993743896484375,0,0
575,13.294059859123081,0.0026984214782714844,0.8036336302757263,0.0026657581329345703,0.9996452331542969,-0.00299072265625,0.9995829463005066,0.9993743896484375,0,0
576,13.316576882032678,0.0023651123046875,0.0001556873321533203,0.0023651123046875,0.9993743896484375,-0.00299072265625,0.9993744492530823,0.9993743896484375,0,0
577,13.33891031309031,0.0023651123046875,0.0001556873321533203,0.0023651123046875,0.9993743896484375,-0.00299072265625,0.9993744492530823,0.9993743896484375,0,0
578,13.361475243000314,0.0025224685668945312,0.42844516038894653,0.0025360584259033203,0.9995366334915161,-0.00299072265625,0.9995090365409851,0.9993896484375,0,0
579,13.383797359187156,0.0024368762969970703,0.10175204277038574,0.002412557601928711,0.9994144439697266,-0.00299072265625,0.999402642250061,0.9993743896484375,0,0
580,13.406422974076122,0.0023651123046875,0.00014847517013549805,0.0023651123046875,0.9993743896484375,-0.00299072265625,0.9993744492530823,0.9993743896484375,0,0
581,13.429049867205322,0.002381563186645508,0.023908615112304688,0.002376556396484375,0.9993839263916016,-0.00299072265625,0.9993810057640076,0.9993743896484375,0,0
582,13.451487983111292,0.002250194549560547,0.5498076677322388,0.002468705177307129,0.9995160102844238,-0.00299072265625,0.9995291233062744,0.9993743896484375,0,0
583,13.473973765037954,0.0023679733276367188,0.004239022731781006,0.0023671388626098633,0.9993760585784912,-0.00299072265625,0.9993754625320435,0.9993743896484375,0,0
584,13.496427751146257,0.002367734909057617,0.0038741230964660645,0.002366781234741211,0.9993758201599121,-0.00299072265625,0.9993753433227539,0.9993743896484375,0,0
585,13.519464457174763,0.0023664236068725586,0.0019069910049438477,0.9974761009216309,0.99635249376297,-0.00299072265625,0.9983490705490112,0.9993743896484375,0,0
586,13.541961868992075,0.0023775100708007812,0.018186628818511963,0.002373814582824707,0.9993816614151001,-0.00299072265625,0.9993793964385986,0.9993743896484375,0,0
587,13.564287763088942,0.0023654699325561523,0.0004169940948486328,0.0023653507232666016,0.9993746280670166,-0.00299072265625,0.999374508857727,0.9993743896484375,0,0
588,13.586795896990225,0.0023685693740844727,0.004917263984680176,0.0023674964904785156,0.9993762969970703,-0.00299072265625,0.9944859147071838,0.9993743896484375,0,0
589,13.60918258712627,0.00236666202545166,0.0023764371871948242,0.002366304397583008,0.9993752241134644,-0.00299072265625,0.9993749856948853,0.9993743896484375,0,0
590,13.631706054089591,0.0026220083236694336,0.4916263222694397,0.0025742053985595703,0.9995577335357666,-0.00299072265625,0.9995110034942627,0.9993743896484375,0,0
591,13.654041522182524,0.0023276805877685547,0.5342587828636169,0.002489805221557617,0.9995238780975342,-0.00299072265625,0.9995242953300476,0.9993743896484375,0,0
592,13.67658584099263,0.0023883581161499023,0.03071904182434082,0.002379894256591797,0.9993855953216553,-0.00299072265625,0.999381422996521,0.9993743896484375,0,0
593,13.69959654705599,0.0020107030868530273,0.548050045967102,0.002435922622680664,0.9995008707046509,-0.00299072265625,0.9995290040969849,0.9993743896484375,0,0
594,13.72259142016992,0.9985110759735107,0.046566445380449295,0.0018366575241088867,0.9991532564163208,-0.00299072265625,0.9994769096374512,0.9993743896484375,0,0
595,13.745749292196706,0.002365589141845703,0.0005216002464294434,0.0023653507232666016,0.9993746280670166,-0.00299072265625,0.9993745684623718,0.9993743896484375,0,0
596,13.768858312163502,0.0023970603942871094,0.022083640098571777,0.0023908615112304688,0.9932329654693604,-0.00299072265625,0.9970459342002869,0.9993896484375,0,0
597,13.791847444139421,0.00238037109375,0.00010454654693603516,0.00238037109375,0.9993896484375,-0.00299072265625,0.9993897080421448,0.9993896484375,0,0
598,13.815123112173751,0.002490520477294922,0.21852582693099976,0.0024548768997192383,0.9994456768035889,-0.00299072265625,0.9994215965270996,0.9993743896484375,0,0
599,13.838200077181682,0.0023651123046875,0.00014930963516235352,0.0023651123046875,0.9993743896484375,-0.00299072265625,0.9993744492530823,0.9993743896484375,0,0
